Mes,Data,Marca,Modelo,Versao,Vin
1,2022-01-03,CHEVROLET,COLORADO,COLORADO DCAB 4X4 2.8 AT,9BG148MK0NC431959
1,2022-01-03,CHEVROLET,COLORADO,COLORADO DCAB 4X4 2.8 AT,9BG148PK0NC431083
1,2022-01-03,CHEVROLET,GROOVE,GROOVE LTZ 1.5,LZWADAGA2NG005841
1,2022-01-03,CHEVROLET,GROOVE,GROOVE LTZ 1.5,LZWADAGA7NG006144
1,2022-01-03,CHEVROLET,GROOVE,GROOVE PREMIER 1.5,LZWADAGA1NG007063
1,2022-01-03,CHEVROLET,N400 MAX,N400 MAX 1.5,LZWCDAGA1NC808169
1,2022-01-03,CHEVROLET,N400 MAX,N400 MAX 1.5,LZWCDAGA3NC807556
1,2022-01-03,CHEVROLET,SAIL,SAIL 1.5,LSGHD52H1ND024884
1,2022-01-03,CHEVROLET,SAIL,SAIL 1.5,LSGHD52H1ND025050
1,2022-01-03,CHEVROLET,SILVERADO,SILVERADO DCAB 4X4 5.3 AT,3GCPY9ED6MG465102
1,2022-01-03,FORD,ECOSPORT,ECOSPORT 1.5 AT,MAJBMSMCKNMG55360
1,2022-01-03,FORD,F-150,F150 LARIAT LUXURY 4X4 3.0,1FTFW1E10MFC13923
1,2022-01-03,FORD,NEW RANGER,RANGER RAPTOR 4X4 2.0 AUT,MPBUR2366NX355694
1,2022-01-03,FORD,NEW RANGER,RANGER XLS 4X4 3.2,8AFAR23W2NJ256057
1,2022-01-03,FORD,TERRITORY,TERRITORY TREND 1.5 AUT,LJXCU2BB3NTP03448
1,2022-01-03,FORD,TRANSIT VAN,TRANSIT CUSTOM FURGON 2.2,WF0YXXTTGNTA25320
1,2022-01-03,HYUNDAI,ACCENT HCI,ACCENT HCI 1.4,MALC741BAMM296983
1,2022-01-03,HYUNDAI,GRAND I-10 AI3 HB 1.2,GRAND I-10 AI3 1.2,MALB241CANM091872
1,2022-01-03,HYUNDAI,GRAND I-10 AI3 HB 1.2,GRAND I-10 AI3 HB 1.2,MALB251CANM235825
1,2022-01-03,HYUNDAI,GRAND I-10 AI3 HB 1.2,GRAND I-10 AI3 HB 1.2,MALB251CANM236461
1,2022-01-03,HYUNDAI,GRAND I-10 AI3 HB 1.2,GRAND I-10 AI3 HB 1.2,MALB251CANM236514
1,2022-01-03,HYUNDAI,GRAND I-10 AI3 HB 1.2,GRAND I-10 AI3 HB 1.2,MALB251CANM238134
1,2022-01-03,HYUNDAI,GRAND I-10 AI3 HB 1.2,GRAND I-10 AI3 HB 1.2,MALB251CANM239573
1,2022-01-03,HYUNDAI,GRAND I-10 SEDAN,GRAND I10 SDN 1.2,MALB241CANM091900
1,2022-01-03,HYUNDAI,GRAND I-10 SEDAN,GRAND I10 SDN 1.2,MALB241CANM096489
1,2022-01-03,HYUNDAI,GRAND I-10 SEDAN,GRAND I10 SDN 1.2,MALB241CANM096500
1,2022-01-03,HYUNDAI,HD 35,HD 35 LWB 2.5,KMFVA17RPNC356644
1,2022-01-03,HYUNDAI,HD 35,HD 35 LWB 2.5,KMFVA17RPNC356650
1,2022-01-03,HYUNDAI,I20 BI3,I20 BI3 1.4,MALBG513AMM036399
1,2022-01-03,HYUNDAI,SOLATI,H350 2.5,KMFAB17RPNK024493
1,2022-01-03,HYUNDAI,STARIA MB,STARIA US4 CRDI 2.2,KMJYA371ANU029301
1,2022-01-03,HYUNDAI,STARIA MB,STARIA US4 CRDI 2.2 AUT,KMHYB811BNU031978
1,2022-01-03,HYUNDAI,TUCSON NX4,TUCSON NX4 MPI 2.0,KMHJB81DANU099776
1,2022-01-03,HYUNDAI,VENUE,VENUE QX 1.6,KMHRC812ANU144131
1,2022-01-03,HYUNDAI,VERNA,VERNA CB 1.4,LBECBACB9NW165721
1,2022-01-03,PEUGEOT,2008,2008 BLUE HDI 100 4X2 1.5,VR3UDYHSKNJ529068
1,2022-01-03,PEUGEOT,2008,2008 PURETECH 130 EAT8 1.2 AUT,VR3USHNSSNJ525794
1,2022-01-03,PEUGEOT,208,208 PURETECH 75 1.2,VR3UPHMGBNT001463
1,2022-01-03,PEUGEOT,208,208 PURETECH 75 1.2,VR3UPHMGBNT001576
1,2022-01-03,PEUGEOT,208,208 PURETECH 75 1.2,VR3UPHMGBNT002011
1,2022-01-03,PEUGEOT,3008,3008 BLUE HDI 130 1.5,VF3MCYHZMNS007648
1,2022-01-03,PEUGEOT,PARTNER,PARTNER HDI 92 L1 1.6,VR3EF9HPANJ521050
1,2022-01-03,RENAULT,OROCH,OROCH ZEN MT 1.6,93Y9SR0SENJ126078
1,2022-01-03,TOYOTA,COROLLA CROSS,COROLLA CROSS CVT HEV 1.8 AUT,9BRKZAAG9N0619955
1,2022-01-03,TOYOTA,FORTUNER,FORTUNER 4X4 5P 2.8 AUT,8AJDA3FS1N0504152
1,2022-01-03,TOYOTA,HILUX,HILUX DOBLE CABINA 2.4,8AJCB3DD0N3909348
1,2022-01-03,TOYOTA,HILUX,HILUX PICK UP 4X4 2P 2.4,8AJDB8CB8N5511794
1,2022-01-03,TOYOTA,HILUX,HILUX PICKUP 4P 4X4 2.4,8AJCB3DDXN3908417
1,2022-01-03,TOYOTA,HILUX,HILUX PICKUP 4P 4X4 2.4,8AJDB3CD0N1317952
1,2022-01-03,TOYOTA,HILUX,HILUX PICKUP 4P 4X4 2.4,8AJDB3CD1N1317538
1,2022-01-03,TOYOTA,HILUX,HILUX PICKUP 4P 4X4 2.4,8AJDB3CD2N1317550
1,2022-01-03,TOYOTA,HILUX,HILUX PICKUP 4P 4X4 2.4,8AJDB3CD4N1317646
1,2022-01-03,TOYOTA,HILUX,HILUX PICKUP 4P 4X4 2.4,8AJDB3CD5N1317042
1,2022-01-03,TOYOTA,HILUX,HILUX PICKUP 4P 4X4 2.4,8AJDB3CD5N1317526
1,2022-01-03,TOYOTA,HILUX,HILUX PICKUP 4P 4X4 2.4,8AJDB3CD6N1317521
1,2022-01-03,TOYOTA,HILUX,HILUX PICKUP 4P 4X4 2.4,8AJDB3CD6N1317535
1,2022-01-03,TOYOTA,HILUX,HILUX PICKUP 4P 4X4 2.4,8AJDB3CD8N1317617
1,2022-01-03,TOYOTA,HILUX,HILUX PICKUP 4P 4X4 2.4,8AJDB3CD9N1317903
1,2022-01-03,TOYOTA,HILUX,HILUX PICKUP 4P 4X4 2.4,8AJDB3CD9N1318064
1,2022-01-03,TOYOTA,HILUX,HILUX PICKUP 4P 4X4 2.4,8AJDB3CDXN1317554
1,2022-01-03,TOYOTA,HILUX,HILUX PICKUP 4P 4X4 2.4,8AJDB3CDXN1318025
1,2022-01-03,TOYOTA,RAV4,RAV4 OTTO 2.0,JTMZ43FV0ND104133
1,2022-01-03,TOYOTA,RUSH,RUSH XLI 1.5,MHKE8FE20NK013792
1,2022-01-03,TOYOTA,YARIS,NEW YARIS 1.5,MR2B29F32N1231839
1,2022-01-03,TOYOTA,YARIS,NEW YARIS 1.5,MR2B29F38N1234583
1,2022-01-03,TOYOTA,YARIS,NEW YARIS GLI 1.5,MR2B29F34N1234340
1,2022-01-03,TOYOTA,YARIS,YARIS GLI 1.5,MR2B29F33N1235186
1,2022-01-03,TOYOTA,YARIS,YARIS HB OTTO 1.5,MR2K29F3XN1234794
1,2022-01-03,TOYOTA,YARIS,YARIS SEDAN GLI 1.5,MR2B29F32N1235728
1,2022-01-03,TOYOTA,YARIS,YARIS SEDAN OTTO 1.5,MR2B29F3XN1234830
1,2022-01-03,VOLKSWAGEN,NIVUS,NIVUS TSI 1.0 AUT,9BWCH6CH9NP001114
1,2022-01-03,VOLKSWAGEN,SAVEIRO,SAVEIRO 1.6,9BWJB45U8NP026044
1,2022-01-03,VOLKSWAGEN,SAVEIRO,SAVEIRO D CAB 1.6,9BWJB45U8NP023774
1,2022-01-04,BMW,118,118I HATCHBACK 1.5 AUT,WBA7K3106L7G08349
1,2022-01-04,BMW,118,118I HATCHBACK 1.5 AUT,WBA7K310XL7F36989
1,2022-01-04,CHEVROLET,COLORADO,COLORADO DCAB 4X4 2.8,9BG148FK0NC432088
1,2022-01-04,CHEVROLET,COLORADO,COLORADO DCAB 4X4 2.8 AT,9BG148MK0NC426471
1,2022-01-04,CHEVROLET,COLORADO,COLORADO DCAB 4X4 2.8 AT,9BG148MK0NC426607
1,2022-01-04,CHEVROLET,COLORADO,COLORADO DCAB 4X4 2.8 AT,9BG148MK0NC426667
1,2022-01-04,CHEVROLET,COLORADO,COLORADO DCAB 4X4 2.8 AT,9BG148PK0NC431263
1,2022-01-04,CHEVROLET,COLORADO,COLORADO LTZ 4X4 2.8 AUT,9BG148MK0NC432038
1,2022-01-04,CHEVROLET,D-MAX,D MAX E5 DCAB 4X4 2.5,MPATFS86JNT000481
1,2022-01-04,CHEVROLET,N400 MAX,N400 MAX 1.5,LZWCDAGA1NC802243
1,2022-01-04,CHEVROLET,ONIX,ONIX NB PREMIER 1.0T AUT,9BGEP69K0NG121101
1,2022-01-04,CHEVROLET,SAIL,SAIL 1.5,LSGHD52H2ND024604
1,2022-01-04,CHEVROLET,SAIL,SAIL 1.5,LSGHD52H8ND025076
1,2022-01-04,CHEVROLET,TAHOE,TAHOE 4X4 5.3 AT,1GNSK8KD4MR444301
1,2022-01-04,CHEVROLET,TAHOE,TAHOE 4X4 5.3 AT,1GNSK8KD6MR439150
1,2022-01-04,FORD,NEW RANGER,RANGER DCAB 4X4 3.2 AUT,8AFAR23W3NJ261803
1,2022-01-04,FORD,NEW RANGER,RANGER RAPTOR 4X4 2.0 AUT,MPBUR2360NX358932
1,2022-01-04,FORD,NEW RANGER,RANGER RAPTOR 4X4 2.0 AUT,MPBUR236XNX358940
1,2022-01-04,FORD,TERRITORY,TERRITORY 1.5 AUT,LJXCU2BB3NTF05424
1,2022-01-04,FORD,TRANSIT VAN,TRANSIT 4X2 2.2,WF0YXXTTGNTA17909
1,2022-01-04,HYUNDAI,ACCENT HCI,ACCENT HCI 1.4,MALC741BAMM291823
1,2022-01-04,HYUNDAI,ACCENT HCI,ACCENT HCI 1.4,MALC741BAMM295477
1,2022-01-04,HYUNDAI,ACCENT HCI,ACCENT HCI 1.4,MALC741BAMM295584
1,2022-01-04,HYUNDAI,ACCENT HCI,ACCENT HCI 1.4,MALC741BAMM295590
1,2022-01-04,HYUNDAI,ACCENT HCI,ACCENT HCI 1.4,MALC741BAMM295729
1,2022-01-04,HYUNDAI,ACCENT HCI,ACCENT HCI 1.4,MALC741BAMM296468
1,2022-01-04,HYUNDAI,ATOS AH2,ATOS AH2 HB 1.1,MALAF51CANM167511
1,2022-01-04,HYUNDAI,GRAND I-10,GRAND I10 1.2,MALB251CANM235778
1,2022-01-04,HYUNDAI,GRAND I-10,GRAND I10 1.2,MALB251CANM235839
1,2022-01-04,HYUNDAI,GRAND I-10,GRAND I10 1.2,MALB251CANM239109
1,2022-01-04,HYUNDAI,GRAND I-10,GRAND I10 HB 1.2,MALB251CANM236104
1,2022-01-04,HYUNDAI,GRAND I-10,GRAND I10 HB 1.2,MALB251CANM236109
1,2022-01-04,HYUNDAI,GRAND I-10,GRAND I10 HB 1.2,MALB251CANM237827
1,2022-01-04,HYUNDAI,GRAND I-10 AI3 HB 1.2,GRAND I-10 AI3 HB 1.2 MT PLUS,MALB251CANM236141
1,2022-01-04,HYUNDAI,GRAND I-10 SEDAN,GRAND I10 SDN 1.2,MALB241CANM091879
1,2022-01-04,HYUNDAI,I20 BI3,I20 BI3 1.4,MALBG513ANM098627
1,2022-01-04,HYUNDAI,SOLATI,H350 2.5,KMFAB17RPNK024523
1,2022-01-04,HYUNDAI,STARIA MB,STARIA US4 CRDI 2.2,KMJYA371ANU029346
1,2022-01-04,HYUNDAI,TUCSON NX4,TUCSON NX4 GDI 7DCT 1.6 AUT,KMHJB81BGNU100409
1,2022-01-04,HYUNDAI,VERNA,VERNA CB 1.4,LBECBACB3NW164337
1,2022-01-04,PEUGEOT,2008,2008 PURETECH 130 1.2,VR3USHNSKNJ525743
1,2022-01-04,PEUGEOT,PARTNER,PARTNER 1.6,VR3EF9HPANJ531179
1,2022-01-04,PEUGEOT,PARTNER,PARTNER 1.6,VR3EF9HPANJ531480
1,2022-01-04,PEUGEOT,PARTNER,PARTNER HDI 92 L1 1.6,VR3EF9HPANJ518966
1,2022-01-04,PEUGEOT,PARTNER,PARTNER HDI 92 L1 1.6,VR3EF9HPANJ518971
1,2022-01-04,RENAULT,KWID,KWID HB 1.0,93YRBB000NJ025902
1,2022-01-04,RENAULT,KWID,KWID HB 1.0,93YRBB002NJ109042
1,2022-01-04,TOYOTA,COROLLA,COROLLA SD CVT 2.0 AUT,9BRB43BE3N2090465
1,2022-01-04,TOYOTA,COROLLA CROSS,COROLLA CROSS CVT 2.0 AUT,9BRK4AAGXN0028242
1,2022-01-04,TOYOTA,HILUX,HI LUX D CAB 2.4,8AJJB3DD7N4234907
1,2022-01-04,TOYOTA,HILUX,HILUX DOBLE CABINA 2.4,8AJJB3DD0N4234909
1,2022-01-04,TOYOTA,HILUX,HILUX DOBLE CABINA 2.4,8AJJB3DDXN4234500
1,2022-01-04,TOYOTA,HILUX,HILUX PICKUP 4P 4X4 2.4,8AJKB3CD9N1635785
1,2022-01-04,TOYOTA,HILUX,HILUX PICKUP 4P 4X4 2.4,8AJKB3CDXN1636461
1,2022-01-04,TOYOTA,HILUX,NEW HILUX DX 4X4 2.4,8AJDB3CD5N1316991
1,2022-01-04,TOYOTA,RUSH,NEW RUSH XLI 1.5,MHKE8FE20NK013645
1,2022-01-04,TOYOTA,YARIS,NEW YARIS 1.5,MR2B29F34N1235570
1,2022-01-04,TOYOTA,YARIS,NEW YARIS GLI 1.5,MR2B29F33N1234264
1,2022-01-04,TOYOTA,YARIS,NEW YARIS GLI 1.5,MR2B29F37N1233747
1,2022-01-04,TOYOTA,YARIS,NEW YARIS GLI 1.5 AUT,MR2B29F31N1233100
1,2022-01-04,TOYOTA,YARIS,YARIS HB OTTO 1.5,MR2K29F39N1234608
1,2022-01-04,TOYOTA,YARIS,YARIS SEDAN OTTO 1.5,MR2B29F30N1232570
1,2022-01-04,TOYOTA,YARIS,YARIS SEDAN OTTO 1.5,MR2B29F30N1233864
1,2022-01-04,TOYOTA,YARIS,YARIS SEDAN OTTO 1.5,MR2B29F31N1234067
1,2022-01-04,TOYOTA,YARIS,YARIS SEDAN OTTO 1.5,MR2B29F32N1233770
1,2022-01-04,TOYOTA,YARIS,YARIS SEDAN OTTO 1.5,MR2B29F33N1233793
1,2022-01-04,TOYOTA,YARIS,YARIS SEDAN OTTO 1.5,MR2B29F33N1234295
1,2022-01-04,TOYOTA,YARIS,YARIS SEDAN OTTO 1.5,MR2B29F35N1233035
1,2022-01-04,TOYOTA,YARIS,YARIS SEDAN OTTO 1.5,MR2B29F37N1236373
1,2022-01-04,VOLKSWAGEN,AMAROK,NUEVA AMAROK V6 4X4 3.0 AUT,WV1ZZZ2HZMA036087
1,2022-01-04,VOLKSWAGEN,NIVUS,NIVUS TSI 1.0 AUT,9BWCH6CH1NP001365
1,2022-01-05,CHEVROLET,CAPTIVA,CAPTIVA 1.5,LZWADAGA4NB024372
1,2022-01-05,CHEVROLET,COLORADO,COLORADO DCAB 4X4 2.8,9BG148FK0NC431617
1,2022-01-05,CHEVROLET,COLORADO,COLORADO DCAB 4X4 2.8 AT,9BG148PK0NC431073
1,2022-01-05,CHEVROLET,COLORADO,COLORADO DCAB 4X4 2.8 AT,9BG148PK0NC431744
1,2022-01-05,CHEVROLET,COLORADO,COLORADO DCAB 4X4 2.8 AT,9BG148PK0NC431976
1,2022-01-05,CHEVROLET,COLORADO,COLORADO DCAB 4X4 2.8 AT,9BG148PK0NC432053
1,2022-01-05,CHEVROLET,D-MAX,D MAX 2.5,MPATFS86JNT000366
1,2022-01-05,CHEVROLET,D-MAX,D MAX E5 DCAB 4X4 2.5,MPATFS86JNT000411
1,2022-01-05,CHEVROLET,D-MAX,D MAX E5 DCAB 4X4 2.5,MPATFS86JNT000473
1,2022-01-05,CHEVROLET,D-MAX,D MAX E5 DCAB 4X4 2.5,MPATFS86JNT000538
1,2022-01-05,CHEVROLET,D-MAX,D MAX E5 DCAB 4X4 2.5,MPATFS86JNT000549
1,2022-01-05,CHEVROLET,ONIX,ONIX II LTZ 1.0,9BGEN69K0NG120716
1,2022-01-05,CHEVROLET,SAIL,SAIL 1.5,LSGHD52H1ND024979
1,2022-01-05,CHEVROLET,SAIL,SAIL 1.5,LSGHD52H1ND025209
1,2022-01-05,CHEVROLET,SAIL,SAIL 1.5,LSGHD52H6ND024850
1,2022-01-05,CHEVROLET,SAIL,SAIL 1.5,LSGHD52H7ND024713
1,2022-01-05,CHEVROLET,SAIL,SAIL 1.5,LSGHD52H8ND024462
1,2022-01-05,CHEVROLET,SAIL,SAIL 1.5,LSGHD52H8ND024686
1,2022-01-05,CHEVROLET,SAIL,SAIL 1.5,LSGHD52H9ND024986
1,2022-01-05,CHEVROLET,SAIL,SAIL 1.5,LSGHD52H9ND025202
1,2022-01-05,CHEVROLET,SILVERADO,SILVERADO CC LTZ 4X4 3.0 AUT,3GCUY9ET3MG457324
1,2022-01-05,CHEVROLET,SILVERADO,SILVERADO DCAB 4X4 5.3 AT,3GCPY9ED3MG454297
1,2022-01-05,CHEVROLET,SILVERADO,SILVERADO DCAB 4X4 5.3 AT,3GCPY9EDXMG463305
1,2022-01-05,CHEVROLET,SPIN,SPIN 1.8 AUT,9BGJK7560NB135052
1,2022-01-05,CHEVROLET,SUBURBAN,SUBURBAN 4X4 5.3L AUT,1GNSK9KD1MR345926
1,2022-01-05,CHEVROLET,SUBURBAN,SUBURBAN 4X4 5.3L AUT,1GNSK9KD5MR359134
1,2022-01-05,FORD,BRONCO SPORT,BRONCO SPORT 1.5,3FMCR9B68MRB16914
1,2022-01-05,FORD,F-150,F150 PLATINIUM 4X4 3.5 AT,1FTFW1E87MFB22578
1,2022-01-05,FORD,F-150,F150 PLATINIUM 4X4 3.5 AT,1FTFW1E88MFB22539
1,2022-01-05,FORD,NEW RANGER,RANGER DCAB XLT 4X4 3.2,8AFAR23W7NJ261044
1,2022-01-05,FORD,TERRITORY,NEW TERRITORY TITANIUM 1.5 AUT,LJXCU2BB7NTF05622
1,2022-01-05,FORD,TRANSIT VAN,TRANSIT 460E 2.2,WF0HXXTTGMTR81035
1,2022-01-05,HYUNDAI,ACCENT HCI,ACCENT HCI 1.4,MALC741BANM303588
1,2022-01-05,HYUNDAI,SANTA FE TM,SANTA FE 2.5 AUT,KMHS281KBMU406399
1,2022-01-05,HYUNDAI,SANTA FE TM,SANTA FE 2.5 AUT,KMHS281KBMU406479
1,2022-01-05,HYUNDAI,SOLATI,H350 2.5,KMFAB17RPNK024489
1,2022-01-05,HYUNDAI,SOLATI,H350 5P 2.5,KMFAB27RPNK024386
1,2022-01-05,HYUNDAI,TUCSON NX4,TUCSON NX4 GDI 7DCT 1.6 AUT,KMHJB81BGNU099997
1,2022-01-05,PEUGEOT,2008,2008 BLUE HDI 130 EAT8 1.5 AUT,VR3UDYHZSNJ525961
1,2022-01-05,PEUGEOT,3008,3008 BLUE HDI 130 EAT8 1.5 AUT,VF3MCYHZUNS006917
1,2022-01-05,PEUGEOT,308,308 THP 165 HATCH BACK 1.6 AUT,VF3L35GYXNS005502
1,2022-01-05,PEUGEOT,EXPERT,EXPERT 2.0,VF3VFAHXGNZ002490
1,2022-01-05,PEUGEOT,LANDTREK,LANDTREK 4X4 1.9,VR3FDAHDLN3003005
1,2022-01-05,PEUGEOT,RIFTER,RIFTER PURETECH 130 1.2 AUT,VR3ERHNS3NJ524679
1,2022-01-05,RENAULT,ARKANA,ARKANA 1.3 AUT,VF1RJL001NC258084
1,2022-01-05,RENAULT,ARKANA,ARKANA 1.3 AUT,VF1RJL002NC269840
1,2022-01-05,RENAULT,SYMBOL,SYMBOL 1.6,9FB4SR9V5NM937523
1,2022-01-05,TOYOTA,4RUNNER,4RUNNER 4X4 4.0 AUT,JTEBU4JR8N5991438
1,2022-01-05,TOYOTA,COROLLA,COROLLA SD 1.6,9BRBE3BE9N4001290
1,2022-01-05,TOYOTA,COROLLA,COROLLA SD 2.0,9BRB43BE2N2088948
1,2022-01-05,TOYOTA,FORTUNER,FORTUNER 4X4 5P 2.8 AUT,8AJBA3FS2N0307983
1,2022-01-05,TOYOTA,FORTUNER,FORTUNER 4X4 5P 2.8 AUT,8AJBA3FS9N0307950
1,2022-01-05,TOYOTA,FORTUNER,FORTUNER SRV 2.7 AUT,8AJCX3GS8N0130776
1,2022-01-05,TOYOTA,HILUX,HILUX DOBLE CABINA 2.4,8AJCB3DD0N3909270
1,2022-01-05,TOYOTA,HILUX,HILUX DOBLE CABINA 2.4,8AJCB3DD0N3909382
1,2022-01-05,TOYOTA,HILUX,HILUX DOBLE CABINA 2.4,8AJCB3DD1N3909407
1,2022-01-05,TOYOTA,HILUX,HILUX DOBLE CABINA 2.4,8AJCB3DD2N3909268
1,2022-01-05,TOYOTA,HILUX,HILUX DOBLE CABINA 2.4,8AJCB3DD2N3909402
1,2022-01-05,TOYOTA,HILUX,HILUX DOBLE CABINA 2.4,8AJCB3DD3N3909389
1,2022-01-05,TOYOTA,HILUX,HILUX DOBLE CABINA 2.4,8AJCB3DD8N3909405
1,2022-01-05,TOYOTA,HILUX,HILUX DOBLE CABINA 2.4,8AJCB3DD9N3909381
1,2022-01-05,TOYOTA,HILUX,HILUX DOBLE CABINA 2.4,8AJCB3DD9N3909400
1,2022-01-05,TOYOTA,HILUX,HILUX DOBLE CABINA 2.4,8AJJB3DD2N4234622
1,2022-01-05,TOYOTA,HILUX,NEW HILUX 2.4,8AJCB3DD0N3909317
1,2022-01-05,TOYOTA,RUSH,RUSH 1.5 MT,MHKE8FE20NK013680
1,2022-01-05,TOYOTA,YARIS,NEW YARIS SEDAN GLI 1.5,MR2B29F3XN1234164
1,2022-01-05,TOYOTA,YARIS,YARIS HB 1.5 AUT,MR2K29F3XN1230938
1,2022-01-05,TOYOTA,YARIS,YARIS SEDAN 1.5 AUT,MR2B29F30N1233279
1,2022-01-05,TOYOTA,YARIS,YARIS SEDAN OTTO 1.5,MR2B29F30N1235971
1,2022-01-05,TOYOTA,YARIS,YARIS SEDAN OTTO 1.5,MR2B29F31N1233761
1,2022-01-05,TOYOTA,YARIS,YARIS SEDAN OTTO 1.5,MR2B29F32N1234014
1,2022-01-05,TOYOTA,YARIS,YARIS SEDAN OTTO 1.5,MR2B29F34N1233317
1,2022-01-05,TOYOTA,YARIS,YARIS SEDAN OTTO 1.5,MR2B29F36N1234873
1,2022-01-05,TOYOTA,YARIS,YARIS SEDAN OTTO 1.5,MR2B29F37N1234249
1,2022-01-05,TOYOTA,YARIS,YARIS SEDAN OTTO 1.5,MR2B29F3XN1234942
1,2022-01-06,CHEVROLET,COLORADO,COLORADO 2.8,9BG148FK0NC431280
1,2022-01-06,CHEVROLET,ONIX,ONIX II RS 1.0,9BGED48K0NG121465
1,2022-01-06,CHEVROLET,SAIL,SAIL 1.5,LSGHD52H4ND024569
1,2022-01-06,CHEVROLET,SAIL,SAIL 1.5,LSGHD52HXND024527
1,2022-01-06,CHEVROLET,SILVERADO,SILVERADO CC DCAB 4X4 5.3 AUT,3GCPY9ED1MG460504
1,2022-01-06,CHEVROLET,SILVERADO,SILVERADO CC DCAB 4X4 5.3 AUT,3GCPY9ED3MG459435
1,2022-01-06,CHEVROLET,SILVERADO,SILVERADO CC LTZ 4X4 3.0 AUT,3GCUY9ET9MG452080
1,2022-01-06,FORD,BRONCO SPORT,BRONCO SPORT 1.5,3FMCR9B65MRB11248
1,2022-01-06,FORD,F-150,F 150 LARIAT SPORT 4X4 5.0,1FTFW1E53MFC13790
1,2022-01-06,FORD,F-150,F150 LARIAT SPORT 4X4 5.0L AUT,1FTFW1E52MFC13781
1,2022-01-06,FORD,NEW ESCAPE,ESCAPE 2.5,1FMCU9DZ1MUA84175
1,2022-01-06,FORD,TERRITORY,TERRITORY TITANIUM 1.5 AUT,LJXCU2BB0NTF05428
1,2022-01-06,FORD,TRANSIT VAN,TRANSIT 4X2 2.2,WF0YXXTTGNTA17911
1,2022-01-06,FORD,TRANSIT VAN,TRANSIT 4X2 2.2,WF0YXXTTGNTA17914
1,2022-01-06,FORD,TRANSIT VAN,TRANSIT CUSTOM 2.2,WF0YXXTTGNTA21994
1,2022-01-06,FORD,TRANSIT VAN,TRANSITBUS 460E 2.2L PUMA,WF0HXXTTGMTP77387
1,2022-01-06,HYUNDAI,ACCENT HCI,ACCENT HCI 1.4,MALC741BAMM295567
1,2022-01-06,HYUNDAI,ACCENT HCI,ACCENT HCI 1.4,MALC741BAMM295855
1,2022-01-06,HYUNDAI,ACCENT HCI,ACCENT HCI 1.4,MALC741BAMM296467
1,2022-01-06,HYUNDAI,ACCENT HCI,ACCENT HCI 1.4,MALC741BAMM296980
1,2022-01-06,HYUNDAI,ACCENT HCI,ACCENT HCI 1.6 AUT,MALC741CBNM297985
1,2022-01-06,HYUNDAI,ATOS AH2,ATOS 1.1,MALAF51CANM163922
1,2022-01-06,HYUNDAI,GRAND I-10,GRAND I10 1.2,MALB241CANM092062
1,2022-01-06,HYUNDAI,GRAND I-10,GRAND I10 1.2,MALB241CANM092064
1,2022-01-06,HYUNDAI,GRAND I-10,GRAND I10 1.2,MALB251CANM227823
1,2022-01-06,HYUNDAI,GRAND I-10,GRAND I10 HB 1.2,MALB251CANM239576
1,2022-01-06,HYUNDAI,GRAND I-10 AI3 HB 1.2,GRAND I-10 AI3 1.2,MALB241CANM091866
1,2022-01-06,HYUNDAI,GRAND I-10 AI3 HB 1.2,GRAND I-10 AI3 1.2,MALB241CANM091897
1,2022-01-06,HYUNDAI,GRAND I-10 AI3 HB 1.2,GRAND I-10 AI3 HB 1.2,MALB251CANM227776
1,2022-01-06,HYUNDAI,GRAND I-10 AI3 HB 1.2,GRAND I-10 AI3 HB 1.2,MALB251CANM235854
1,2022-01-06,HYUNDAI,GRAND I-10 AI3 HB 1.2,GRAND I-10 AI3 HB 1.2,MALB251CANM236106
1,2022-01-06,HYUNDAI,GRAND I-10 AI3 HB 1.2,GRAND I-10 AI3 HB 1.2,MALB251CANM236460
1,2022-01-06,HYUNDAI,GRAND I-10 AI3 HB 1.2,GRAND I-10 AI3 HB 1.2,MALB251CANM236499
1,2022-01-06,HYUNDAI,GRAND I-10 AI3 HB 1.2,GRAND I-10 AI3 HB 1.2,MALB251CANM236507
1,2022-01-06,HYUNDAI,GRAND I-10 AI3 HB 1.2,GRAND I-10 AI3 HB 1.2,MALB251CANM239091
1,2022-01-06,HYUNDAI,GRAND I-10 AI3 HB 1.2,GRAND I-10 AI3 HB 1.2,MALB251CANM239577
1,2022-01-06,HYUNDAI,GRAND I-10 AI3 HB 1.2,GRAND I-10 AI3 HB 1.2,MALB251CANM239783
1,2022-01-06,HYUNDAI,I20 BI3,I20 BI3 1.4,MALBG513ANM098897
1,2022-01-06,HYUNDAI,I20 BI3,I20 BI3 1.4,MALBG513ANM098920
1,2022-01-06,HYUNDAI,PORTER,PORTER II DOHC 2.5,KMFZCX7KAMU916197
1,2022-01-06,HYUNDAI,PORTER,PORTER II DOHC 2.5,KMFZCX7KAMU916466
1,2022-01-06,HYUNDAI,PORTER,PORTER II DOHC 2.5,KMFZCX7KAMU916830
1,2022-01-06,HYUNDAI,PORTER,PORTER II HI SUPER DOHC 2.5,KMFZCX7KAMU917434
1,2022-01-06,HYUNDAI,PORTER,PORTER II HI SUPER DOHC 2.5,KMFZCX7KAMU917484
1,2022-01-06,HYUNDAI,PORTER,PORTER II HI SUPER DOHC 2.5,KMFZCX7KAMU917621
1,2022-01-06,HYUNDAI,PORTER,PORTER II HI SUPER DOHC 2.5,KMFZCX7KAMU917626
1,2022-01-06,HYUNDAI,PORTER,PORTER II HI SUPER DOHC 2.5,KMFZCX7KAMU917768
1,2022-01-06,HYUNDAI,PORTER,PORTER II HI SUPER DOHC 2.5,KMFZCX7KAMU917900
1,2022-01-06,HYUNDAI,PORTER,PORTER II HI SUPER DOHC 2.5,KMFZCX7KAMU917905
1,2022-01-06,HYUNDAI,PORTER,PORTER II HI SUPER DOHC 2.5,KMFZCX7KAMU918065
1,2022-01-06,HYUNDAI,PORTER,PORTER II HI SUPER DOHC 2.5,KMFZCX7KAMU918075
1,2022-01-06,HYUNDAI,PORTER,PORTER II HI SUPER DOHC 2.5,KMFZCX7KANU916220
1,2022-01-06,HYUNDAI,PORTER,PORTER II HI SUPER DOHC 2.5,KMFZCX7KANU916224
1,2022-01-06,HYUNDAI,PORTER,PORTER II HI SUPER DOHC 2.5,KMFZCX7KANU916272
1,2022-01-06,HYUNDAI,PORTER,PORTER II HI SUPER DOHC 2.5,KMFZCX7KANU916284
1,2022-01-06,HYUNDAI,PORTER,PORTER II HI SUPER DOHC 2.5,KMFZCX7KANU916329
1,2022-01-06,HYUNDAI,PORTER,PORTER II HI SUPER DOHC 2.5,KMFZCX7KANU916383
1,2022-01-06,HYUNDAI,PORTER,PORTER II HI SUPER DOHC 2.5,KMFZCX7KANU916404
1,2022-01-06,HYUNDAI,PORTER,PORTER II HI SUPER DOHC 2.5,KMFZCX7KANU916411
1,2022-01-06,HYUNDAI,PORTER,PORTER II HI SUPER DOHC 2.5,KMFZCX7KANU917052
1,2022-01-06,HYUNDAI,PORTER,PORTER II HI SUPER DOHC 2.5,KMFZCX7KANU917410
1,2022-01-06,HYUNDAI,PORTER,PORTER II HI SUPER DOHC 2.5,KMFZCX7KANU917413
1,2022-01-06,HYUNDAI,PORTER,PORTER II HI SUPER DOHC 2.5,KMFZCX7KANU917421
1,2022-01-06,HYUNDAI,PORTER,PORTER II HI SUPER DOHC 2.5,KMFZCX7KANU917430
1,2022-01-06,HYUNDAI,PORTER,PORTER II HI SUPER DOHC 2.5,KMFZCX7KANU917467
1,2022-01-06,PEUGEOT,2008,2008 BLUE HDI 130 EAT8 1.5 AUT,VR3UDYHZSNJ526248
1,2022-01-06,PEUGEOT,2008,2008 BLUE HDI 130 EAT8 1.5 AUT,VR3UDYHZSNJ526437
1,2022-01-06,PEUGEOT,2008,2008 PURETECH 130 EAT8 1.2 AUT,VR3USHNSSNJ525841
1,2022-01-06,PEUGEOT,2008,2008 PURETECH 130 EAT8 1.2 AUT,VR3USHNSSNJ526463
1,2022-01-06,PEUGEOT,208,208 PURETECH 75 1.2,VR3UPHMGBNT001380
1,2022-01-06,PEUGEOT,3008,3008 PURETECH 1.2L,VF3MRHNSMNS009770
1,2022-01-06,PEUGEOT,5008,5008 ALLURE 1.5 AUT,VF3MCYHZUNS009982
1,2022-01-06,PEUGEOT,LANDTREK,LANDTREK HDI 4X4 1.9,VR3FDAHDLN3004430
1,2022-01-06,PEUGEOT,PARTNER,PARTNER 1.6,VR3EF9HPANJ522811
1,2022-01-06,PEUGEOT,PARTNER,PARTNER HDI 92 L1 1.6,VR3EF9HPANJ517808
1,2022-01-06,PEUGEOT,PARTNER,PARTNER HDI 92 L1 1.6,VR3EF9HPANJ517819
1,2022-01-06,PEUGEOT,PARTNER,PARTNER HDI 92 L1 1.6,VR3EF9HPANJ517831
1,2022-01-06,PEUGEOT,PARTNER,PARTNER HDI 92 L1 1.6,VR3EF9HPANJ517833
1,2022-01-06,PEUGEOT,PARTNER,PARTNER HDI 92 L1 1.6,VR3EF9HPANJ517836
1,2022-01-06,PEUGEOT,PARTNER,PARTNER HDI 92 L1 1.6,VR3EF9HPANJ517853
1,2022-01-06,PEUGEOT,PARTNER,PARTNER HDI 92 L1 1.6,VR3EF9HPANJ517873
1,2022-01-06,PEUGEOT,PARTNER,PARTNER HDI 92 L1 1.6,VR3EF9HPANJ517880
1,2022-01-06,PEUGEOT,PARTNER,PARTNER HDI 92 L1 1.6,VR3EF9HPANJ517914
1,2022-01-06,PEUGEOT,PARTNER,PARTNER HDI 92 L1 1.6,VR3EF9HPANJ517916
1,2022-01-06,PEUGEOT,PARTNER,PARTNER HDI 92 L1 1.6,VR3EF9HPANJ518551
1,2022-01-06,PEUGEOT,PARTNER,PARTNER HDI 92 L1 1.6,VR3EF9HPANJ518554
1,2022-01-06,PEUGEOT,PARTNER,PARTNER HDI 92 L1 1.6,VR3EF9HPANJ518563
1,2022-01-06,PEUGEOT,PARTNER,PARTNER HDI 92 L1 1.6,VR3EF9HPANJ518567
1,2022-01-06,PEUGEOT,PARTNER,PARTNER HDI 92 L1 1.6,VR3EF9HPANJ518616
1,2022-01-06,PEUGEOT,PARTNER,PARTNER HDI 92 L1 1.6,VR3EF9HPANJ518676
1,2022-01-06,PEUGEOT,PARTNER,PARTNER HDI 92 L1 1.6,VR3EF9HPANJ518683
1,2022-01-06,PEUGEOT,PARTNER,PARTNER HDI 92 L1 1.6,VR3EF9HPANJ518893
1,2022-01-06,PEUGEOT,PARTNER,PARTNER HDI 92 L1 1.6,VR3EF9HPANJ518895
1,2022-01-06,PEUGEOT,PARTNER,PARTNER HDI 92 L1 1.6,VR3EF9HPANJ518898
1,2022-01-06,PEUGEOT,PARTNER,PARTNER HDI 92 L1 1.6,VR3EF9HPANJ518899
1,2022-01-06,PEUGEOT,PARTNER,PARTNER HDI 92 L1 1.6,VR3EF9HPANJ518904
1,2022-01-06,PEUGEOT,PARTNER,PARTNER HDI 92 L1 1.6,VR3EF9HPANJ518906
1,2022-01-06,PEUGEOT,PARTNER,PARTNER HDI 92 L1 1.6,VR3EF9HPANJ518907
1,2022-01-06,PEUGEOT,PARTNER,PARTNER HDI 92 L1 1.6,VR3EF9HPANJ518908
1,2022-01-06,PEUGEOT,PARTNER,PARTNER HDI 92 L1 1.6,VR3EF9HPANJ518909
1,2022-01-06,PEUGEOT,PARTNER,PARTNER HDI 92 L1 1.6,VR3EF9HPANJ522049
1,2022-01-06,PEUGEOT,PARTNER,PARTNER HDI 92 L1 1.6,VR3EF9HPANJ522053
1,2022-01-06,PEUGEOT,PARTNER,PARTNER HDI 92 L1 1.6,VR3EF9HPANJ522056
1,2022-01-06,PEUGEOT,PARTNER,PARTNER HDI 92 L1 1.6,VR3EF9HPANJ522691
1,2022-01-06,PEUGEOT,PARTNER,PARTNER HDI 92 L1 1.6,VR3EF9HPANJ528186
1,2022-01-06,PEUGEOT,PARTNER,PARTNER HDI 92 L1 1.6,VR3EF9HPANJ528387
1,2022-01-06,PEUGEOT,PARTNER,PARTNER HDI 92 L1 1.6,VR3EF9HPANJ528395
1,2022-01-06,PEUGEOT,PARTNER,PARTNER HDI 92 L1 1.6,VR3EF9HPANJ528659
1,2022-01-06,PEUGEOT,PARTNER,PARTNER HDI 92 L1 1.6,VR3EF9HPANJ528663
1,2022-01-06,PEUGEOT,PARTNER,PARTNER HDI 92 L1 1.6,VR3EF9HPANJ528665
1,2022-01-06,PEUGEOT,PARTNER,PARTNER HDI 92 L1 1.6,VR3EF9HPANJ528666
1,2022-01-06,PEUGEOT,PARTNER,PARTNER HDI 92 L1 1.6,VR3EF9HPANJ528667
1,2022-01-06,PEUGEOT,PARTNER,PARTNER HDI 92 L1 1.6,VR3EF9HPANJ528669
1,2022-01-06,PEUGEOT,PARTNER,PARTNER HDI 92 L1 1.6,VR3EF9HPANJ528672
1,2022-01-06,TOYOTA,COROLLA,COROLLA SD CVT 2.0 AUT,9BRB43BE5N2089348
1,2022-01-06,TOYOTA,COROLLA CROSS,COROLLA CROSS CVT 2.0 AUT,9BRK4AAG8N0030491
1,2022-01-06,TOYOTA,FORTUNER,FORTUNER SRV 2.7 AUT,8AJCX3GS8N0130793
1,2022-01-06,TOYOTA,HILUX,HILUX DOBLE CABINA 2.4,8AJJB3DD0N4234313
1,2022-01-06,TOYOTA,HILUX,HILUX PICKUP 2.7,8AJJX3DD5N0756315
1,2022-01-06,TOYOTA,HILUX,HILUX PICKUP 4P 4X4 2.4,8AJDB3CD4N1315914
1,2022-01-06,TOYOTA,HILUX,HILUX PICKUP 4P 4X4 2.4,8AJKB3CD2N1635336
1,2022-01-06,TOYOTA,HILUX,HILUX PICKUP 4P 4X4 2.4,8AJKB3CD3N1635359
1,2022-01-06,TOYOTA,HILUX,HILUX SR 2.4,8AJJB3DD4N4234928
1,2022-01-06,TOYOTA,RAV4,RAV4 OTTO 2.0,JTMZ43FV9ND104731
1,2022-01-06,TOYOTA,RAV4,RAV4 OTTO 2.0 AUT,JTMZ43FV3ND103431
1,2022-01-06,TOYOTA,RAV4,RAV4 OTTO 2.0 AUT,JTMZ43FV6ND103164
1,2022-01-06,TOYOTA,YARIS,NEW YARIS GLI 1.5,MR2B29F3XL1208239
1,2022-01-06,TOYOTA,YARIS,YARIS SEDAN OTTO 1.5,MR2B29F30N1233329
1,2022-01-06,TOYOTA,YARIS,YARIS SEDAN OTTO 1.5,MR2B29F30N1233766
1,2022-01-06,TOYOTA,YARIS,YARIS SEDAN OTTO 1.5,MR2B29F35N1233889
1,2022-01-06,TOYOTA,YARIS,YARIS SEDAN OTTO 1.5,MR2B29F38N1235961
1,2022-01-06,VOLKSWAGEN,AMAROK,AMAROK DCAB TDI 4X4 TRENDLINE 2.0,WV1ZZZ2HZNA001588
1,2022-01-06,VOLKSWAGEN,AMAROK,AMAROK DCAB TDI 4X4 TRENDLINE 2.0,WV1ZZZ2HZNA008121
1,2022-01-06,VOLKSWAGEN,AMAROK,AMAROK DCAB TDI 4X4 TRENDLINE 2.0,WV1ZZZ2HZNA008271
1,2022-01-06,VOLKSWAGEN,AMAROK,AMAROK DCAB TDI 4X4 TRENDLINE 2.0,WV1ZZZ2HZNA008285
1,2022-01-07,CHEVROLET,BLAZER,BLAZER 4X4 3.6 AUT,3GNKB8RS1MS578426
1,2022-01-07,CHEVROLET,CAPTIVA,CAPTIVA 1.5 AUT,LZWADAGAXNB020522
1,2022-01-07,CHEVROLET,COLORADO,COLORADO DCAB 4X4 2.8 AT,9BG148PK0NC431063
1,2022-01-07,CHEVROLET,SILVERADO,SILVERADO CC DCAB 4X4 5.3 AUT,3GCPY9ED9MG460654
1,2022-01-07,FORD,BRONCO SPORT,BRONCO SPORT 4X4 1.5 AUT,3FMCR9B63MRB16707
1,2022-01-07,FORD,BRONCO SPORT,BRONCO SPORT 4X4 1.5 AUT,3FMCR9B64MRB16442
1,2022-01-07,FORD,F-150,F 150 LARIAT SPORT 4X4 5.0,1FTFW1E54MFC13748
1,2022-01-07,FORD,F-150,F150 LARIAT SPORT 4X4 5.0L AUT,1FTFW1E54MFC13801
1,2022-01-07,FORD,NEW RANGER,RANGER LTD 4X4 3.2 AT,8AFAR23W7NJ261772
1,2022-01-07,FORD,NEW RANGER,RANGER RAPTOR 2.0,MPBUR2364NX359307
1,2022-01-07,FORD,NEW RANGER,RANGER RAPTOR 2.0,MPBUR2368NX359696
1,2022-01-07,HYUNDAI,ACCENT HCI,ACCENT HCI 1.4,MALC741BAMM295542
1,2022-01-07,HYUNDAI,ACCENT HCI,ACCENT HCI 1.4,MALC741BAMM295653
1,2022-01-07,HYUNDAI,GRAND I-10,GRAND I10 1.2,MALB251CANM239768
1,2022-01-07,HYUNDAI,GRAND I-10 AI3 HB 1.2,GRAND I-10 AI3 HB 1.2,MALB251CANM236509
1,2022-01-07,HYUNDAI,GRAND I-10 AI3 HB 1.2,GRAND I-10 AI3 HB 1.2,MALB251CANM239761
1,2022-01-07,HYUNDAI,H-1,H1 CRDI 2.5 AUT,KMHWH81KBLU163946
1,2022-01-07,HYUNDAI,I20 BI3,I20 BI3 1.4,MALBG513ANM098620
1,2022-01-07,HYUNDAI,PORTER,PORTER II DOHC 2.5,KMFZCX7KAMU917240
1,2022-01-07,HYUNDAI,SANTA FE TM,SANTA FE 2.5 AUT,KMHS281KBMU407306
1,2022-01-07,HYUNDAI,VERNA,VERNA CB 1.4,LBECBACB9NW164200
1,2022-01-07,PEUGEOT,2008,2008 BLUE HDI 130 EAT8 1.5 AUT,VR3UDYHZSNJ526440
1,2022-01-07,PEUGEOT,2008,2008 PURETECH 130 1.2,VR3USHNSKNJ526067
1,2022-01-07,PEUGEOT,2008,2008 PURETECH 130 1.2,VR3USHNSKNJ526200
1,2022-01-07,PEUGEOT,208,208 BLUE HDI 100 4X2 1.5,VR3UBYHTKNT002000
1,2022-01-07,PEUGEOT,208,208 PURETECH 75 1.2,VR3UPHMGBNT001393
1,2022-01-07,PEUGEOT,301,301 ACTIVE HDI 1.6,VF3DD9HP0NJ524926
1,2022-01-07,PEUGEOT,301,301 HDI 92HP 1.6,VF3DD9HP0NJ521447
1,2022-01-07,PEUGEOT,301,301 HDI 92HP 1.6,VF3DD9HP0NJ525214
1,2022-01-07,PEUGEOT,308,308 BLUE HDI 130 EAT8 1.5 AUT,VF3LBYHZKNS004520
1,2022-01-07,PEUGEOT,BOXER,BOXER HDI L3 2.0,VF3YD3MAUN2T78571
1,2022-01-07,PEUGEOT,EXPERT,EXPERT 2.0,VF3VFAHXGNZ002820
1,2022-01-07,PEUGEOT,EXPERT,EXPERT 2.0,VF3VFAHXGNZ002858
1,2022-01-07,PEUGEOT,EXPERT,EXPERT 2.0,VF3VFAHXGNZ002860
1,2022-01-07,PEUGEOT,PARTNER,PARTNER HDI 92 L1 1.6,VR3EF9HPANJ522035
1,2022-01-07,PEUGEOT,PARTNER,PARTNER HDI 92 L1 1.6,VR3EF9HPANJ522036
1,2022-01-07,PEUGEOT,PARTNER,PARTNER HDI 92 L1 1.6,VR3EF9HPANJ522037
1,2022-01-07,PEUGEOT,PARTNER,PARTNER HDI 92 L1 1.6,VR3EF9HPANJ522040
1,2022-01-07,PEUGEOT,PARTNER,PARTNER HDI 92 L1 1.6,VR3EF9HPANJ522041
1,2022-01-07,PEUGEOT,PARTNER,PARTNER HDI 92 L1 1.6,VR3EF9HPANJ522044
1,2022-01-07,PEUGEOT,PARTNER,PARTNER HDI 92 L1 1.6,VR3EF9HPANJ522046
1,2022-01-07,PEUGEOT,PARTNER,PARTNER HDI 92 L1 1.6,VR3EF9HPANJ522048
1,2022-01-07,PEUGEOT,PARTNER,PARTNER HDI 92 L1 1.6,VR3EF9HPANJ522693
1,2022-01-07,PEUGEOT,PARTNER,PARTNER HDI 92 L1 1.6,VR3EF9HPANJ522694
1,2022-01-07,PEUGEOT,PARTNER,PARTNER HDI 92 L1 1.6,VR3EF9HPANJ522695
1,2022-01-07,PEUGEOT,PARTNER,PARTNER HDI 92 L1 1.6,VR3EF9HPANJ522697
1,2022-01-07,PEUGEOT,PARTNER,PARTNER HDI 92 L1 1.6,VR3EF9HPANJ522698
1,2022-01-07,PEUGEOT,PARTNER,PARTNER HDI 92 L1 1.6,VR3EF9HPANJ522699
1,2022-01-07,PEUGEOT,PARTNER,PARTNER HDI 92 L1 1.6,VR3EF9HPANJ522700
1,2022-01-07,PEUGEOT,PARTNER,PARTNER HDI 92 L1 1.6,VR3EF9HPANJ522704
1,2022-01-07,PEUGEOT,PARTNER,PARTNER HDI 92 L1 1.6,VR3EF9HPANJ522706
1,2022-01-07,PEUGEOT,PARTNER,PARTNER HDI 92 L1 1.6,VR3EF9HPANJ522708
1,2022-01-07,PEUGEOT,PARTNER,PARTNER HDI 92 L1 1.6,VR3EF9HPANJ522712
1,2022-01-07,PEUGEOT,PARTNER,PARTNER HDI 92 L1 1.6,VR3EF9HPANJ522715
1,2022-01-07,PEUGEOT,PARTNER,PARTNER HDI 92 L1 1.6,VR3EF9HPANJ522716
1,2022-01-07,PEUGEOT,PARTNER,PARTNER HDI 92 L1 1.6,VR3EF9HPANJ522717
1,2022-01-07,PEUGEOT,PARTNER,PARTNER HDI 92 L1 1.6,VR3EF9HPANJ522720
1,2022-01-07,PEUGEOT,PARTNER,PARTNER HDI 92 L1 1.6,VR3EF9HPANJ522721
1,2022-01-07,PEUGEOT,PARTNER,PARTNER HDI 92 L1 1.6,VR3EF9HPANJ522722
1,2022-01-07,PEUGEOT,PARTNER,PARTNER HDI 92 L1 1.6,VR3EF9HPANJ522725
1,2022-01-07,PEUGEOT,PARTNER,PARTNER HDI 92 L1 1.6,VR3EF9HPANJ522728
1,2022-01-07,PEUGEOT,PARTNER,PARTNER HDI 92 L1 1.6,VR3EF9HPANJ522729
1,2022-01-07,PEUGEOT,PARTNER,PARTNER HDI 92 L1 1.6,VR3EF9HPANJ522734
1,2022-01-07,PEUGEOT,PARTNER,PARTNER HDI 92 L1 1.6,VR3EF9HPANJ522735
1,2022-01-07,PEUGEOT,PARTNER,PARTNER HDI 92 L1 1.6,VR3EF9HPANJ522736
1,2022-01-07,PEUGEOT,PARTNER,PARTNER HDI 92 L1 1.6,VR3EF9HPANJ522737
1,2022-01-07,PEUGEOT,PARTNER,PARTNER HDI 92 L1 1.6,VR3EF9HPANJ522740
1,2022-01-07,PEUGEOT,PARTNER,PARTNER HDI 92 L1 1.6,VR3EF9HPANJ522741
1,2022-01-07,PEUGEOT,PARTNER,PARTNER HDI 92 L1 1.6,VR3EF9HPANJ522742
1,2022-01-07,PEUGEOT,PARTNER,PARTNER HDI 92 L1 1.6,VR3EF9HPANJ522744
1,2022-01-07,PEUGEOT,PARTNER,PARTNER HDI 92 L1 1.6,VR3EF9HPANJ522746
1,2022-01-07,PEUGEOT,PARTNER,PARTNER HDI 92 L1 1.6,VR3EF9HPANJ523172
1,2022-01-07,PEUGEOT,PARTNER,PARTNER HDI 92 L1 1.6,VR3EF9HPANJ523173
1,2022-01-07,PEUGEOT,PARTNER,PARTNER HDI 92 L1 1.6,VR3EF9HPANJ523174
1,2022-01-07,PEUGEOT,PARTNER,PARTNER HDI 92 L1 1.6,VR3EF9HPANJ523178
1,2022-01-07,PEUGEOT,PARTNER,PARTNER HDI 92 L1 1.6,VR3EF9HPANJ523180
1,2022-01-07,PEUGEOT,PARTNER,PARTNER HDI 92 L1 1.6,VR3EF9HPANJ523182
1,2022-01-07,PEUGEOT,PARTNER,PARTNER HDI 92 L1 1.6,VR3EF9HPANJ523186
1,2022-01-07,PEUGEOT,PARTNER,PARTNER HDI 92 L1 1.6,VR3EF9HPANJ523190
1,2022-01-07,PEUGEOT,PARTNER,PARTNER HDI 92 L1 1.6,VR3EF9HPANJ523191
1,2022-01-07,PEUGEOT,PARTNER,PARTNER HDI 92 L1 1.6,VR3EF9HPANJ523194
1,2022-01-07,PEUGEOT,PARTNER,PARTNER HDI 92 L1 1.6,VR3EF9HPANJ523195
1,2022-01-07,PEUGEOT,PARTNER,PARTNER HDI 92 L1 1.6,VR3EF9HPANJ523201
1,2022-01-07,PEUGEOT,PARTNER,PARTNER HDI 92 L1 1.6,VR3EF9HPANJ523206
1,2022-01-07,PEUGEOT,PARTNER,PARTNER HDI 92 L1 1.6,VR3EF9HPANJ523207
1,2022-01-07,PEUGEOT,PARTNER,PARTNER HDI 92 L1 1.6,VR3EF9HPANJ523208
1,2022-01-07,PEUGEOT,PARTNER,PARTNER HDI 92 L1 1.6,VR3EF9HPANJ523210
1,2022-01-07,PEUGEOT,PARTNER,PARTNER HDI 92 L1 1.6,VR3EF9HPANJ523211
1,2022-01-07,PEUGEOT,PARTNER,PARTNER HDI 92 L1 1.6,VR3EF9HPANJ528368
1,2022-01-07,PEUGEOT,PARTNER,PARTNER HDI 92 L1 1.6,VR3EF9HPANJ528369
1,2022-01-07,PEUGEOT,PARTNER,PARTNER HDI 92 L1 1.6,VR3EF9HPANJ528373
1,2022-01-07,PEUGEOT,PARTNER,PARTNER HDI 92 L1 1.6,VR3EF9HPANJ528374
1,2022-01-07,PEUGEOT,PARTNER,PARTNER HDI 92 L1 1.6,VR3EF9HPANJ528375
1,2022-01-07,PEUGEOT,PARTNER,PARTNER HDI 92 L1 1.6,VR3EF9HPANJ528381
1,2022-01-07,PEUGEOT,PARTNER,PARTNER HDI 92 L1 1.6,VR3EF9HPANJ528383
1,2022-01-07,PEUGEOT,PARTNER,PARTNER HDI 92 L1 1.6,VR3EF9HPANJ528385
1,2022-01-07,PEUGEOT,PARTNER,PARTNER HDI 92 L1 1.6,VR3EF9HPANJ528392
1,2022-01-07,PEUGEOT,PARTNER,PARTNER HDI 92 L1 1.6,VR3EF9HPANJ531622
1,2022-01-07,PEUGEOT,PARTNER,PARTNER HDI 92 L2 1.6,VR3EF9HPANJ522780
1,2022-01-07,PEUGEOT,PARTNER,PARTNER HDI 92 L2 1.6,VR3EF9HPANJ528709
1,2022-01-07,PEUGEOT,PARTNER,PARTNER HDI 92 L2 1.6,VR3EF9HPANJ528721
1,2022-01-07,PEUGEOT,PARTNER,PARTNER HDI 92 L2 1.6,VR3EF9HPANJ528724
1,2022-01-07,PEUGEOT,PARTNER,PARTNER HDI 92 L2 1.6,VR3EF9HPANJ531583
1,2022-01-07,PEUGEOT,PARTNER,PARTNER HDI 92 L2 1.6,VR3EF9HPANJ531594
1,2022-01-07,PEUGEOT,PARTNER,PARTNER HDI 92 L2 1.6,VR3EF9HPANJ531932
1,2022-01-07,PEUGEOT,PARTNER,PARTNER HDI 92 L2 1.6,VR3EF9HPANJ531987
1,2022-01-07,TOYOTA,4RUNNER,4 RUNNER 4.0 AUT,JTEZU4JR3N5257529
1,2022-01-07,TOYOTA,HILUX,HI LUX 4X4 2.4,8AJDB3CD6N1316997
1,2022-01-07,TOYOTA,HILUX,HI LUX TM 4X4 2.8,8AJKA3CD5N3094774
1,2022-01-07,TOYOTA,HILUX,HILUX PICKUP 2.7,8AJJX3DD0N0756268
1,2022-01-07,TOYOTA,HILUX,HILUX PICKUP 2.7,8AJJX3DD0N0756271
1,2022-01-07,TOYOTA,HILUX,HILUX PICKUP 2.7,8AJJX3DD0N0756285
1,2022-01-07,TOYOTA,HILUX,HILUX PICKUP 2.7,8AJJX3DD1N0756277
1,2022-01-07,TOYOTA,HILUX,HILUX PICKUP 2.7,8AJJX3DD1N0756280
1,2022-01-07,TOYOTA,HILUX,HILUX PICKUP 2.7,8AJJX3DD1N0756327
1,2022-01-07,TOYOTA,HILUX,HILUX PICKUP 2.7,8AJJX3DD2N0756286
1,2022-01-07,TOYOTA,HILUX,HILUX PICKUP 2.7,8AJJX3DD3N0756278
1,2022-01-07,TOYOTA,HILUX,HILUX PICKUP 2.7,8AJJX3DD3N0756300
1,2022-01-07,TOYOTA,HILUX,HILUX PICKUP 2.7,8AJJX3DD3N0756328
1,2022-01-07,TOYOTA,HILUX,HILUX PICKUP 2.7,8AJJX3DD4N0756273
1,2022-01-07,TOYOTA,HILUX,HILUX PICKUP 2.7,8AJJX3DD4N0756290
1,2022-01-07,TOYOTA,HILUX,HILUX PICKUP 2.7,8AJJX3DD4N0756337
1,2022-01-07,TOYOTA,HILUX,HILUX PICKUP 2.7,8AJJX3DD5N0756279
1,2022-01-07,TOYOTA,HILUX,HILUX PICKUP 2.7,8AJJX3DD6N0756274
1,2022-01-07,TOYOTA,HILUX,HILUX PICKUP 2.7,8AJJX3DD6N0756307
1,2022-01-07,TOYOTA,HILUX,HILUX PICKUP 2.7,8AJJX3DD6N0756310
1,2022-01-07,TOYOTA,HILUX,HILUX PICKUP 2.7,8AJJX3DD9N0756303
1,2022-01-07,TOYOTA,HILUX,HILUX PICKUP 2.7,8AJJX3DD9N0756320
1,2022-01-07,TOYOTA,HILUX,HILUX PICKUP 4P 4X4 2.4,8AJDB3CD0N1317837
1,2022-01-07,TOYOTA,RAV4,RAV4 CVT 2.5 AUT,JTMW23FV2ND518491
1,2022-01-07,TOYOTA,RAV4,RAV4 OTTO 2.0,JTMZ43FV8ND103246
1,2022-01-07,TOYOTA,RAV4,RAV4 OTTO 2.0,JTMZ43FV8ND104008
1,2022-01-07,TOYOTA,YARIS,NEW YARIS GLI 1.5,MR2B29F31N1233498
1,2022-01-07,TOYOTA,YARIS,YARIS SEDAN GLI 1.5,MR2B29F34N1233351
1,2022-01-07,TOYOTA,YARIS,YARIS SEDAN OTTO 1.5,MR2B29F30N1235081
1,2022-01-07,TOYOTA,YARIS,YARIS SEDAN OTTO 1.5,MR2B29F38N1235085
1,2022-01-07,VOLKSWAGEN,AMAROK,AMAROK DCAB TDI 4X4 TRENDLINE 2.0,WV1ZZZ2HZNA007720
1,2022-01-07,VOLKSWAGEN,AMAROK,AMAROK DCAB TDI 4X4 TRENDLINE 2.0,WV1ZZZ2HZNA007729
1,2022-01-07,VOLKSWAGEN,AMAROK,AMAROK DCAB TDI 4X4 TRENDLINE 2.0,WV1ZZZ2HZNA007760
1,2022-01-08,RENAULT,KWID,KWID 1.0,93YRBB001NJ108805
1,2022-01-10,CHEVROLET,COLORADO,COLORADO LT D CAB 4X4 2.8,9BG148FK0NC431681
1,2022-01-10,CHEVROLET,GROOVE,GROOVE 1.5,LZWADAGA7NG012834
1,2022-01-10,CHEVROLET,ONIX,ONIX HB RS 1.OT,9BGED48K0NG134356
1,2022-01-10,CHEVROLET,OPTRA,OPTRA II LS 1.6,KL1JJ5C65CK582417
1,2022-01-10,CHEVROLET,SAIL,SAIL 1.5,LSGHD52H0ND024665
1,2022-01-10,CHEVROLET,SILVERADO,SILVERADO DCAB 4X4 5.3 AT,3GCPY9ED1MG462981
1,2022-01-10,CHEVROLET,SPIN,SPIN 4X2 1.8,9BGJP7560NB144771
1,2022-01-10,CHEVROLET,TRACKER,TRACKER 1.2T,9BGEN76C0NB144875
1,2022-01-10,FORD,BRONCO SPORT,BRONCO SPORT WILDTRAK 4X4 2.0 AUT,3FMCR9E93MRA86811
1,2022-01-10,FORD,ECOSPORT,ECOSPORT 1.5,MAJBMSMCKNMG59370
1,2022-01-10,FORD,TERRITORY,TERRITORY 1.5 AUT,LJXCU2BB0NTF05462
1,2022-01-10,FORD,TERRITORY,TERRITORY 1.5 AUT,LJXCU2BB7NTF05586
1,2022-01-10,FORD,TERRITORY,TERRITORY 1.5 AUT,LJXCU2BB9NTF02012
1,2022-01-10,FORD,TRANSIT VAN,TRANSIT BUS,WF0HXXTTGMTR81032
1,2022-01-10,FORD,TRANSIT VAN,TRANSIT CUSTOM 2.2,WF0YXXTTGNTA25336
1,2022-01-10,HYUNDAI,ACCENT HCI,ACCENT HCI 1.4,MALC741BAMM295684
1,2022-01-10,HYUNDAI,ACCENT HCI,ACCENT HCI 1.6 AUT,MALC741CBNM297960
1,2022-01-10,HYUNDAI,ACCENT HCI,ACCENT HCI 1.6 AUT,MALC741CBNM297962
1,2022-01-10,HYUNDAI,ACCENT HCI,ACCENT HCI 1.6 AUT,MALC741CBNM297966
1,2022-01-10,HYUNDAI,ACCENT HCI,ACCENT HCI 1.6 AUT,MALC741CBNM297993
1,2022-01-10,HYUNDAI,ACCENT HCI,ACCENT HCI 1.6 AUT,MALC741CBNM297994
1,2022-01-10,HYUNDAI,ATOS AH2,ATOS AH2 HB 1.1,MALAF51CANM164064
1,2022-01-10,HYUNDAI,GRAND I-10,GRAND I10 HB 1.2,MALB251CANM239734
1,2022-01-10,HYUNDAI,GRAND I-10 AI3 HB 1.2,GRAND I-10 AI3 1.2,MALB241CANM091860
1,2022-01-10,HYUNDAI,GRAND I-10 AI3 HB 1.2,GRAND I-10 AI3 HB 1.2,MALB251CANM236127
1,2022-01-10,HYUNDAI,GRAND I-10 AI3 HB 1.2,GRAND I-10 AI3 HB 1.2,MALB251CANM236513
1,2022-01-10,HYUNDAI,PORTER,PORTER II HI SUPER DOHC 2.5,KMFZCX7KAMU916632
1,2022-01-10,HYUNDAI,PORTER,PORTER II HI SUPER DOHC 2.5,KMFZCX7KAMU918028
1,2022-01-10,HYUNDAI,PORTER,PORTER II HI SUPER DOHC 2.5,KMFZCX7KAMU918263
1,2022-01-10,HYUNDAI,PORTER,PORTER II HI SUPER DOHC 2.5,KMFZCX7KANU911758
1,2022-01-10,HYUNDAI,PORTER,PORTER II HI SUPER DOHC 2.5,KMFZCX7KANU917520
1,2022-01-10,HYUNDAI,PORTER,PORTER II HI SUPER DOHC 2.5,KMFZCX7KANU917521
1,2022-01-10,HYUNDAI,PORTER,PORTER II HI SUPER DOHC 2.5,KMFZCX7KANU917553
1,2022-01-10,HYUNDAI,PORTER,PORTER II HI SUPER DOHC 2.5,KMFZCX7KANU917568
1,2022-01-10,HYUNDAI,PORTER,PORTER II HI SUPER DOHC 2.5,KMFZCX7KANU917570
1,2022-01-10,HYUNDAI,PORTER,PORTER II HI SUPER DOHC 2.5,KMFZCX7KANU917659
1,2022-01-10,HYUNDAI,PORTER,PORTER II HI SUPER DOHC 2.5,KMFZCX7KANU917667
1,2022-01-10,HYUNDAI,PORTER,PORTER II HI SUPER DOHC 2.5,KMFZCX7KANU917689
1,2022-01-10,HYUNDAI,PORTER,PORTER II HI SUPER DOHC 2.5,KMFZCX7KANU917693
1,2022-01-10,HYUNDAI,PORTER,PORTER II HI SUPER DOHC 2.5,KMFZCX7KANU917790
1,2022-01-10,HYUNDAI,PORTER,PORTER II HI SUPER DOHC 2.5,KMFZCX7KANU917802
1,2022-01-10,HYUNDAI,PORTER,PORTER II HI SUPER DOHC 2.5,KMFZCX7KANU917808
1,2022-01-10,HYUNDAI,PORTER,PORTER II HI SUPER DOHC 2.5,KMFZCX7KANU917826
1,2022-01-10,HYUNDAI,PORTER,PORTER II HI SUPER DOHC 2.5,KMFZCX7KANU917834
1,2022-01-10,HYUNDAI,PORTER,PORTER II HI SUPER DOHC 2.5,KMFZCX7KANU917961
1,2022-01-10,HYUNDAI,PORTER,PORTER II HI SUPER DOHC 2.5,KMFZCX7KANU917987
1,2022-01-10,HYUNDAI,PORTER,PORTER II HI SUPER DOHC 2.5,KMFZCX7KANU917992
1,2022-01-10,HYUNDAI,PORTER,PORTER II HI SUPER DOHC 2.5,KMFZCX7KANU918092
1,2022-01-10,HYUNDAI,PORTER,PORTER II HI SUPER DOHC 2.5,KMFZCX7KANU918110
1,2022-01-10,HYUNDAI,PORTER,PORTER II HI SUPER DOHC 2.5,KMFZCX7KANU918121
1,2022-01-10,HYUNDAI,PORTER,PORTER II HI SUPER DOHC 2.5,KMFZCX7KANU918178
1,2022-01-10,HYUNDAI,SANTA FE TM,SANTA FE TM 2.5 AUT,KMHS381KBMU407816
1,2022-01-10,HYUNDAI,TUCSON NX4,TUCSON NX4 CRDI 8AT 2.0 AUT,KMHJB81DBNU090274
1,2022-01-10,HYUNDAI,VENUE,VENUE QX 1.6,KMHRC812ANU144291
1,2022-01-10,HYUNDAI,VENUE,VENUE QX 1.6,KMHRC812ANU144395
1,2022-01-10,HYUNDAI,VENUE,VENUE QX 1.6,KMHRC812ANU144708
1,2022-01-10,HYUNDAI,VENUE,VENUE QX 1.6,KMHRC812ANU144902
1,2022-01-10,HYUNDAI,VENUE,VENUE QX 1.6,KMHRC812ANU144904
1,2022-01-10,HYUNDAI,VENUE,VENUE QX 1.6,KMHRC812ANU144910
1,2022-01-10,HYUNDAI,VENUE,VENUE QX 1.6,KMHRC812ANU145196
1,2022-01-10,HYUNDAI,VENUE,VENUE QX 1.6,KMHRC812ANU145320
1,2022-01-10,HYUNDAI,VENUE,VENUE QX 1.6,KMHRC812ANU145321
1,2022-01-10,HYUNDAI,VENUE,VENUE QX 1.6 AUT,KMHRC812BNU144895
1,2022-01-10,HYUNDAI,VENUE,VENUE QX 1.6 AUT,KMHRC812BNU145315
1,2022-01-10,HYUNDAI,VENUE,VENUE QX 1.6 AUT,KMHRC812BNU145317
1,2022-01-10,PEUGEOT,2008,2008 BLUE HDI 130 EAT8 1.5 AUT,VR3UDYHZSNJ525615
1,2022-01-10,PEUGEOT,2008,2008 BLUE HDI 130 EAT8 1.5 AUT,VR3UDYHZSNJ525629
1,2022-01-10,PEUGEOT,2008,2008 BLUE HDI 130 EAT8 1.5 AUT,VR3UDYHZSNJ525940
1,2022-01-10,PEUGEOT,2008,2008 PURETECH 130 1.2,VR3USHNSKNJ526059
1,2022-01-10,PEUGEOT,2008,2008 PURETECH 130 1.2,VR3USHNSKNJ529372
1,2022-01-10,PEUGEOT,2008,2008 PURETECH 130 1.2,VR3USHNSKNJ529373
1,2022-01-10,PEUGEOT,2008,2008 PURETECH 130 EAT8 1.2 AUT,VR3USHNSSNJ524336
1,2022-01-10,PEUGEOT,208,208 BLUE HDI 100 4X2 1.5,VR3UBYHTKNT002273
1,2022-01-10,PEUGEOT,208,208 PURETECH 130 EAT8 1.2 AUT,VR3UPHNSSNT001839
1,2022-01-10,PEUGEOT,208,208 PURETECH 75 1.2,VR3UPHMGBNT002010
1,2022-01-10,PEUGEOT,3008,3008 PURETECH 1.2L,VF3MRHNSMNS007455
1,2022-01-10,PEUGEOT,3008,3008 THP 165HP 1.6 AUT,VF3M45GYWNS009673
1,2022-01-10,PEUGEOT,301,301 ALLURE HDI 1.6,VF3DD9HP0NJ515520
1,2022-01-10,PEUGEOT,301,301 ALLURE HDI 1.6,VF3DD9HP0NJ521760
1,2022-01-10,PEUGEOT,301,301 ALLURE HDI 1.6,VF3DD9HP0NJ521792
1,2022-01-10,PEUGEOT,301,301 ALLURE HDI 1.6,VF3DD9HP0NJ521819
1,2022-01-10,PEUGEOT,301,301 ALLURE HDI 1.6,VF3DD9HP0NJ521831
1,2022-01-10,PEUGEOT,301,301 ALLURE HDI 1.6,VF3DD9HP0NJ521835
1,2022-01-10,PEUGEOT,301,301 HDI 92HP 1.6,VF3DD9HP0NJ525169
1,2022-01-10,PEUGEOT,301,301 HDI 92HP 1.6,VF3DD9HP0NJ525182
1,2022-01-10,PEUGEOT,301,301 HDI 92HP 1.6,VF3DD9HP0NJ530826
1,2022-01-10,PEUGEOT,5008,5008 BLUEHDI 130 1.5 AUT,VF3MCYHZUNS009901
1,2022-01-10,PEUGEOT,EXPERT,EXPERT 2.0,VF3VFAHXGNZ002905
1,2022-01-10,PEUGEOT,PARTNER,PARTNER HDI 1.6,VR3EF9HPANJ522774
1,2022-01-10,PEUGEOT,PARTNER,PARTNER HDI 92 L1 1.6,VR3EF9HPANJ531110
1,2022-01-10,PEUGEOT,PARTNER,PARTNER HDI 92 L1 1.6,VR3EF9HPANJ531111
1,2022-01-10,PEUGEOT,PARTNER,PARTNER HDI 92 L1 1.6,VR3EF9HPANJ531112
1,2022-01-10,PEUGEOT,PARTNER,PARTNER HDI 92 L1 1.6,VR3EF9HPANJ531114
1,2022-01-10,PEUGEOT,PARTNER,PARTNER HDI 92 L1 1.6,VR3EF9HPANJ531116
1,2022-01-10,PEUGEOT,PARTNER,PARTNER HDI 92 L1 1.6,VR3EF9HPANJ531118
1,2022-01-10,PEUGEOT,PARTNER,PARTNER HDI 92 L1 1.6,VR3EF9HPANJ531119
1,2022-01-10,PEUGEOT,PARTNER,PARTNER HDI 92 L1 1.6,VR3EF9HPANJ531120
1,2022-01-10,PEUGEOT,PARTNER,PARTNER HDI 92 L1 1.6,VR3EF9HPANJ531124
1,2022-01-10,PEUGEOT,PARTNER,PARTNER HDI 92 L1 1.6,VR3EF9HPANJ531127
1,2022-01-10,PEUGEOT,PARTNER,PARTNER HDI 92 L1 1.6,VR3EF9HPANJ531129
1,2022-01-10,PEUGEOT,PARTNER,PARTNER HDI 92 L1 1.6,VR3EF9HPANJ531609
1,2022-01-10,PEUGEOT,PARTNER,PARTNER HDI 92 L2 1.6,VR3EF9HPANJ522785
1,2022-01-10,PEUGEOT,PARTNER,PARTNER HDI 92 L2 1.6,VR3EF9HPANJ528708
1,2022-01-10,PEUGEOT,PARTNER,PARTNER HDI 92 L2 1.6,VR3EF9HPANJ528710
1,2022-01-10,PEUGEOT,PARTNER,PARTNER HDI 92 L2 1.6,VR3EF9HPANJ528716
1,2022-01-10,PEUGEOT,PARTNER,PARTNER HDI 92 L2 1.6,VR3EF9HPANJ528747
1,2022-01-10,PEUGEOT,PARTNER,PARTNER HDI 92 L2 1.6,VR3EF9HPANJ531968
1,2022-01-10,RENAULT,KWID,KWID 1.0,93YRBB003NJ108790
1,2022-01-10,TOYOTA,COROLLA CROSS,COROLLA CROSS CVT HEV 1.8 AUT,9BRKZAAG2N0617321
1,2022-01-10,TOYOTA,COROLLA CROSS,COROLLA CROSS CVT HEV 1.8 AUT,9BRKZAAG3N0619000
1,2022-01-10,TOYOTA,FORTUNER,FORTUNER 4X4 2.8 AT,8AJBA3FS3N0306101
1,2022-01-10,TOYOTA,HILUX,HI LUX 4X4 2.8,8AJKA3CD3N3094529
1,2022-01-10,TOYOTA,HILUX,HI LUX D CAB 2.4,8AJCB3DD0N3909463
1,2022-01-10,TOYOTA,HILUX,HILUX DOBLE CABINA 2.4,8AJJB3DD2N4234281
1,2022-01-10,TOYOTA,HILUX,HILUX DOBLE CABINA 2.4,8AJJB3DD7N4234812
1,2022-01-10,TOYOTA,HILUX,HILUX PICKUP 2.7,8AJJX3DD4N0756340
1,2022-01-10,TOYOTA,RUSH,NEW RUSH XLI 1.5 AT,MHKE8FF20NK009889
1,2022-01-10,TOYOTA,YARIS,YARIS SEDAN OTTO 1.5,MR2B29F3XN1233306
1,2022-01-11,CHEVROLET,COLORADO,COLORADO DCAB 4X4 2.8 AT,9BG148MK0NC431777
1,2022-01-11,CHEVROLET,COLORADO,COLORADO DCAB 4X4 2.8 AT,9BG148PK0NC431287
1,2022-01-11,CHEVROLET,GROOVE,GROOVE 1.5,LZWADAGA4NG012404
1,2022-01-11,CHEVROLET,GROOVE,GROOVE 1.5,LZWADAGA6NG012386
1,2022-01-11,CHEVROLET,GROOVE,GROOVE PREMIER 1.5,LZWADAGA4NG010197
1,2022-01-11,CHEVROLET,N400 MAX,N400 MAX 1.5,LZWCDAGA1NC807510
1,2022-01-11,CHEVROLET,ONIX,ONIX II LTZ 1.0,9BGEN69K0NG135480
1,2022-01-11,CHEVROLET,ONIX,ONIX NB LT 1.0T,9BGEB69K0NG134302
1,2022-01-11,CHEVROLET,ONIX,ONIX NB LT 1.0T,9BGEN69K0NG135312
1,2022-01-11,FORD,BRONCO SPORT,BRONCO SPORT 1.5,3FMCR9B63MRA89086
1,2022-01-11,FORD,TERRITORY,TERRITORY 1.5 AUT,LJXCU2BB2NTF02255
1,2022-01-11,FORD,TERRITORY,TERRITORY 1.5 AUT,LJXCU2BB6NTF02095
1,2022-01-11,FORD,TERRITORY,TERRITORY TITANIUM 1.5 AUT,LJXCU2BB1NTF07141
1,2022-01-11,HYUNDAI,ACCENT HCI,ACCENT HCI 1.4,MALC741BAMM295638
1,2022-01-11,HYUNDAI,ACCENT HCI,ACCENT HCI 1.4,MALC741BAMM295826
1,2022-01-11,HYUNDAI,ACCENT HCI,ACCENT HCI 1.6 AUT,MALC741CBNM297964
1,2022-01-11,HYUNDAI,ACCENT HCI,ACCENT HCI 1.6 AUT,MALC741CBNM297969
1,2022-01-11,HYUNDAI,ACCENT HCI,ACCENT HCI 1.6 AUT,MALC741CBNM297973
1,2022-01-11,HYUNDAI,ACCENT HCI,ACCENT HCI 1.6 AUT,MALC741CBNM297975
1,2022-01-11,HYUNDAI,ACCENT HCI,ACCENT HCI 1.6 AUT,MALC741CBNM297977
1,2022-01-11,HYUNDAI,ACCENT HCI,ACCENT HCI 1.6 AUT,MALC741CBNM297979
1,2022-01-11,HYUNDAI,ACCENT HCI,ACCENT HCI 1.6 AUT,MALC741CBNM297980
1,2022-01-11,HYUNDAI,ACCENT HCI,ACCENT HCI 1.6 AUT,MALC741CBNM297987
1,2022-01-11,HYUNDAI,ACCENT HCI,ACCENT HCI 1.6 AUT,MALC741CBNM297990
1,2022-01-11,HYUNDAI,ATOS AH2,ATOS 1.1,MALAF51CANM163941
1,2022-01-11,HYUNDAI,ATOS AH2,ATOS AH2 HB 1.1,MALAF51CANM167497
1,2022-01-11,HYUNDAI,ATOS AH2,ATOS AH2 HB 1.1,MALAF51CANM167657
1,2022-01-11,HYUNDAI,GRAND I-10,GRAND I10 1.2,MALB251CANM236529
1,2022-01-11,HYUNDAI,GRAND I-10 SEDAN,GRAND I10 SDN 1.2,MALB241CANM091815
1,2022-01-11,HYUNDAI,I20 BI3,I20 BI3 1.4,MALBG513ANM102963
1,2022-01-11,HYUNDAI,IONIQ,IONIC AE PE AUT,KMHC851JFNU085227
1,2022-01-11,HYUNDAI,PORTER,PORTER II HI SUPER DOHC 2.5,KMFZCX7KAMU917119
1,2022-01-11,HYUNDAI,PORTER,PORTER II HI SUPER DOHC 2.5,KMFZCX7KAMU917139
1,2022-01-11,HYUNDAI,PORTER,PORTER II HI SUPER DOHC 2.5,KMFZCX7KAMU917378
1,2022-01-11,HYUNDAI,PORTER,PORTER II HI SUPER DOHC 2.5,KMFZCX7KAMU917431
1,2022-01-11,HYUNDAI,PORTER,PORTER II HI SUPER DOHC 2.5,KMFZCX7KAMU917436
1,2022-01-11,HYUNDAI,PORTER,PORTER II HI SUPER DOHC 2.5,KMFZCX7KAMU917442
1,2022-01-11,HYUNDAI,PORTER,PORTER II HI SUPER DOHC 2.5,KMFZCX7KAMU917482
1,2022-01-11,HYUNDAI,PORTER,PORTER II HI SUPER DOHC 2.5,KMFZCX7KAMU917483
1,2022-01-11,HYUNDAI,PORTER,PORTER II HI SUPER DOHC 2.5,KMFZCX7KAMU917529
1,2022-01-11,HYUNDAI,PORTER,PORTER II HI SUPER DOHC 2.5,KMFZCX7KAMU917721
1,2022-01-11,HYUNDAI,PORTER,PORTER II HI SUPER DOHC 2.5,KMFZCX7KAMU917742
1,2022-01-11,HYUNDAI,PORTER,PORTER II HI SUPER DOHC 2.5,KMFZCX7KAMU918012
1,2022-01-11,HYUNDAI,PORTER,PORTER II HI SUPER DOHC 2.5,KMFZCX7KANU917452
1,2022-01-11,HYUNDAI,PORTER,PORTER II HI SUPER DOHC 2.5,KMFZCX7KANU917465
1,2022-01-11,HYUNDAI,PORTER,PORTER II HI SUPER DOHC 2.5,KMFZCX7KANU917466
1,2022-01-11,HYUNDAI,PORTER,PORTER II HI SUPER DOHC 2.5,KMFZCX7KANU917498
1,2022-01-11,HYUNDAI,PORTER,PORTER II HI SUPER DOHC 2.5,KMFZCX7KANU917501
1,2022-01-11,HYUNDAI,PORTER,PORTER II HI SUPER DOHC 2.5,KMFZCX7KANU917512
1,2022-01-11,HYUNDAI,PORTER,PORTER II HI SUPER DOHC 2.5,KMFZCX7KANU917516
1,2022-01-11,HYUNDAI,PORTER,PORTER II HI SUPER DOHC 2.5,KMFZCX7KANU917558
1,2022-01-11,HYUNDAI,PORTER,PORTER II HI SUPER DOHC 2.5,KMFZCX7KANU917562
1,2022-01-11,HYUNDAI,PORTER,PORTER II HI SUPER DOHC 2.5,KMFZCX7KANU917564
1,2022-01-11,HYUNDAI,SANTA FE TM,SANTA FE 2.5 AUT,KMHS381KBMU406828
1,2022-01-11,HYUNDAI,SANTA FE TM,SANTA FE TM 2.5 AUT,KMHS281KBMU407363
1,2022-01-11,HYUNDAI,SOLATI,SOLATI CARGO VAN AMBULANCIA 2.5,KMFAB17RPNK023707
1,2022-01-11,HYUNDAI,STARIA MB,STARIA CRDI 2.2,KMJYA371ANU029182
1,2022-01-11,HYUNDAI,STARIA MB,STARIA US4 CRDI 2.2,KMJYA371AMU29206
1,2022-01-11,HYUNDAI,STARIA MB,STARIA US4 CRDI 2.2,KMJYA371ANU032340
1,2022-01-11,HYUNDAI,TUCSON NX4,TUCSON NX4 2.0 AUT,KMHJB81DBNU090295
1,2022-01-11,HYUNDAI,TUCSON NX4,TUCSON NX4 2.0 AUT,KMHJB81DBNU090333
1,2022-01-11,HYUNDAI,VENUE,VENUE QX 1.6 AUT,KMHRC812BNU154832
1,2022-01-11,PEUGEOT,2008,2008 ALLURE 1.2,VR3USHNSKNJ526035
1,2022-01-11,PEUGEOT,2008,2008 ALLURE 1.5 AUT,VR3UDYHZSNJ525952
1,2022-01-11,PEUGEOT,2008,2008 BLUE HDI 130 EAT8 1.5 AUT,VR3UDYHZSNJ526436
1,2022-01-11,PEUGEOT,2008,2008 PURETECH 130 1.2,VR3USHNSKNJ526201
1,2022-01-11,PEUGEOT,2008,208 PURETECH HB 1.2 AT,VR3UPHNKSNT002170
1,2022-01-11,PEUGEOT,208,208 BLUE HDI 100 4X2 1.5,VR3UBYHTKNT002284
1,2022-01-11,PEUGEOT,3008,3008 BLUE HDI 130 EAT8 1.5 AUT,VF3MCYHZUNS006916
1,2022-01-11,PEUGEOT,301,301 HDI 92HP 1.6,VF3DD9HP0NJ534111
1,2022-01-11,PEUGEOT,EXPERT,EXPERT 2.0,VF3VFAHXGNZ002875
1,2022-01-11,PEUGEOT,PARTNER,PARTNER HDI 1.6,VR3EF9HPANJ531965
1,2022-01-11,PEUGEOT,PARTNER,PARTNER HDI 92 L2 1.6,VR3EF9HPANJ528717
1,2022-01-11,PEUGEOT,RIFTER,RIFTER BLUE HDI 130 1.5 AUT,VR3ECYHZRNJ524727
1,2022-01-11,TOYOTA,COROLLA,COROLLA XLI 1.6,9BRBE3BE4N4001293
1,2022-01-11,TOYOTA,COROLLA CROSS,COROLLA CROSS 2.0 AUT,9BRK4AAG1N0031112
1,2022-01-11,TOYOTA,COROLLA CROSS,COROLLA CROSS CVT HEV 1.8 AUT,9BRKZAAG8N0619574
1,2022-01-11,TOYOTA,HILUX,HI LUX 4X4 2.4,8AJDB3CD1N1317930
1,2022-01-11,TOYOTA,HILUX,HILUX PICKUP 2.7,8AJJX3DD1N0756313
1,2022-01-11,TOYOTA,HILUX,NEW HI LUX D CAB DX 4X4 2.4,8AJDB3CD4N1316447
1,2022-01-11,TOYOTA,HILUX,NEW HILUX 4X4 2.4,8AJDB8CB2N5511774
1,2022-01-11,TOYOTA,RAV4,NEW RAV4 2.0 AUT,JTMZ43FV3ND103400
1,2022-01-11,TOYOTA,RAV4,RAV 4 LE 2.0 AUT,JTMZ43FV4ND103129
1,2022-01-11,TOYOTA,YARIS,YARIS SEDAN GLI 1.5,MR2B29F30N1234609
1,2022-01-11,TOYOTA,YARIS,YARIS SEDAN OTTO 1.5,MR2B29F36N1233223
1,2022-01-11,TOYOTA,YARIS,YARIS SEDAN XLI 1.5,MR2B29F38N1234096
1,2022-01-11,VOLKSWAGEN,AMAROK,AMAROK DCAB TDI 4X4 TRENDLINE 2.0,WV1ZZZ2HZNA007711
1,2022-01-11,VOLKSWAGEN,AMAROK,AMAROK DCAB TDI 4X4 TRENDLINE 2.0,WV1ZZZ2HZNA007832
1,2022-01-11,VOLKSWAGEN,AMAROK,AMAROK DCAB TDI 4X4 TRENDLINE 2.0,WV1ZZZ2HZNA007897
1,2022-01-11,VOLKSWAGEN,GOL,GOL HB 1.6,9BWAB45U3NT092508
1,2022-01-11,VOLKSWAGEN,GOL,GOL HB 1.6,9BWAB45U9NT093372
1,2022-01-12,CHEVROLET,COLORADO,COLORADO D CAB 4X4 2.8 AUT,9BG148PK0NC425469
1,2022-01-12,CHEVROLET,COLORADO,COLORADO LTZ 4WD 2.8 AUT,9BG148MK0NC425536
1,2022-01-12,CHEVROLET,GROOVE,GROOVE 1.5,LZWADAGA0NG012349
1,2022-01-12,CHEVROLET,GROOVE,GROOVE 1.5,LZWADAGA0NG012366
1,2022-01-12,CHEVROLET,GROOVE,GROOVE 1.5,LZWADAGA0NG012383
1,2022-01-12,CHEVROLET,GROOVE,GROOVE 1.5,LZWADAGA1NG010139
1,2022-01-12,CHEVROLET,GROOVE,GROOVE 1.5,LZWADAGA1NG010237
1,2022-01-12,CHEVROLET,GROOVE,GROOVE 1.5,LZWADAGA1NG014594
1,2022-01-12,CHEVROLET,GROOVE,GROOVE 1.5,LZWADAGA2NG010117
1,2022-01-12,CHEVROLET,GROOVE,GROOVE 1.5,LZWADAGA5NG012461
1,2022-01-12,CHEVROLET,GROOVE,GROOVE 1.5,LZWADAGA5NG012833
1,2022-01-12,CHEVROLET,GROOVE,GROOVE 1.5,LZWADAGAXNG012438
1,2022-01-12,CHEVROLET,ONIX,ONIX HB RS 1.OT,9BGED48K0NG138277
1,2022-01-12,CHEVROLET,ONIX,ONIX NB PREMIER 1.0T AUT,9BGEP69K0NG140668
1,2022-01-12,CHEVROLET,SILVERADO,SILVERADO CC LTZ 4X4 3.0 AUT,3GCUY9ET9MG462074
1,2022-01-12,CHEVROLET,SILVERADO,SILVERADO DCAB 4X4 5.3 AT,3GCPY9ED5MG459100
1,2022-01-12,CHEVROLET,TRACKER,TRACKER 1.2T,9BGEN76C0NB145344
1,2022-01-12,CHEVROLET,TRACKER,TRACKER 1.2T AUT,9BGEN76C0NB129628
1,2022-01-12,CHEVROLET,TRACKER,TRACKER 1.2T AUT,9BGEN76C0NB141648
1,2022-01-12,CHEVROLET,TRACKER,TRACKER 1.2T AUT,9BGEN76C0NB145258
1,2022-01-12,CHEVROLET,TRACKER,TRACKER 1.2T AUT,9BGEN76C0NB145352
1,2022-01-12,CHEVROLET,TRACKER,TRACKER 1.2T AUT,9BGEN76C0NB149944
1,2022-01-12,FORD,BRONCO SPORT,BRONCO SPORT 4X4 1.5 AUT,3FMCR9B65MRB16482
1,2022-01-12,FORD,ECOSPORT,ECOSPORT 1.5,MAJBMSMCKNMC64119
1,2022-01-12,FORD,EDGE,EDGE 2.0 AUT,2FMPK3J91MBA51255
1,2022-01-12,FORD,EDGE,EDGE 2.0 AUT,2FMPK3J92MBA50714
1,2022-01-12,FORD,EDGE,EDGE 4X4 2.0 AUT,2FMPK4J92MBA51609
1,2022-01-12,FORD,EDGE,EDGE 4X4 2.0 AUT,2FMPK4J96MBA50835
1,2022-01-12,FORD,EDGE,EDGE 4X4 2.7 AUT,2FMPK4AP4MBA53473
1,2022-01-12,FORD,EXPLORER,EXPLORER LTD 2.3 AUT,1FMSK7FH8MGC00447
1,2022-01-12,FORD,EXPLORER,EXPLORER XLT 2.3,1FMSK7DH5MGC02918
1,2022-01-12,FORD,EXPLORER,EXPLORER XLT 2.3 AUT,1FMSK7DH8MGC02881
1,2022-01-12,FORD,EXPLORER,EXPLORER XLT 2.3 AUT,1FMSK7DH9MGC00430
1,2022-01-12,FORD,F-150,F150 RAPTOR 4X4 4P 3.5 AUT,1FTFW1RG7MFC97222
1,2022-01-12,FORD,F-150,F150 XLT DCAB 4X4 5.0 AUT,1FTFW1E52MFB50388
1,2022-01-12,FORD,MUSTANG,MUSTANG COUPE 5.0 AUT,1FA6P8CF2M5141932
1,2022-01-12,FORD,MUSTANG,MUSTANG COUPE 5.0 AUT,1FA6P8R00M5554578
1,2022-01-12,FORD,MUSTANG,MUSTANG COUPE 5.0 AUT,1FA6P8R06M5554584
1,2022-01-12,FORD,MUSTANG,MUSTANG COUPE 5.0 AUT,1FA6P8R08M5554750
1,2022-01-12,FORD,NEW ESCAPE,ESCAPE 4X4 2.5 AUT,1FMCU9DZXMUA83882
1,2022-01-12,FORD,NEW RANGER,RANGER DCAB XLT 4X4 3.2,8AFAR23W9NJ261045
1,2022-01-12,FORD,TERRITORY,NEW TERRITORY TREND 1.5 AUT,LJXCU2BB9NTF05489
1,2022-01-12,FORD,TERRITORY,TERRITORY 1.5 AUT,LJXCU2BB1NTF05339
1,2022-01-12,FORD,TERRITORY,TERRITORY 1.5 AUT,LJXCU2BB1NTF06880
1,2022-01-12,FORD,TERRITORY,TERRITORY 1.5 AUT,LJXCU2BB3NTF07075
1,2022-01-12,FORD,TERRITORY,TERRITORY 1.5 AUT,LJXCU2BB7NTF01070
1,2022-01-12,FORD,TERRITORY,TERRITORY TITANIUM 1.5 AUT,LJXCU2BB0NTF00990
1,2022-01-12,FORD,TERRITORY,TERRITORY TITANIUM 1.5 AUT,LJXCU2BB0NTF02187
1,2022-01-12,FORD,TERRITORY,TERRITORY TITANIUM 1.5 AUT,LJXCU2BB1NTF00979
1,2022-01-12,FORD,TERRITORY,TERRITORY TITANIUM 1.5 AUT,LJXCU2BB1NTF02229
1,2022-01-12,FORD,TERRITORY,TERRITORY TITANIUM 1.5 AUT,LJXCU2BB1NTF05325
1,2022-01-12,FORD,TERRITORY,TERRITORY TITANIUM 1.5 AUT,LJXCU2BB1NTF05521
1,2022-01-12,FORD,TERRITORY,TERRITORY TITANIUM 1.5 AUT,LJXCU2BB2NTF02188
1,2022-01-12,FORD,TERRITORY,TERRITORY TITANIUM 1.5 AUT,LJXCU2BB2NTF02191
1,2022-01-12,FORD,TERRITORY,TERRITORY TITANIUM 1.5 AUT,LJXCU2BB2NTF02224
1,2022-01-12,FORD,TERRITORY,TERRITORY TITANIUM 1.5 AUT,LJXCU2BB2NTF05530
1,2022-01-12,FORD,TERRITORY,TERRITORY TITANIUM 1.5 AUT,LJXCU2BB3NTF01986
1,2022-01-12,FORD,TERRITORY,TERRITORY TITANIUM 1.5 AUT,LJXCU2BB3NTF05505
1,2022-01-12,FORD,TERRITORY,TERRITORY TITANIUM 1.5 AUT,LJXCU2BB4NTF01981
1,2022-01-12,FORD,TERRITORY,TERRITORY TITANIUM 1.5 AUT,LJXCU2BB4NTF02032
1,2022-01-12,FORD,TERRITORY,TERRITORY TITANIUM 1.5 AUT,LJXCU2BB4NTF05609
1,2022-01-12,FORD,TERRITORY,TERRITORY TITANIUM 1.5 AUT,LJXCU2BB5NTF05506
1,2022-01-12,FORD,TERRITORY,TERRITORY TITANIUM 1.5 AUT,LJXCU2BB5NTF05604
1,2022-01-12,FORD,TERRITORY,TERRITORY TITANIUM 1.5 AUT,LJXCU2BB6NTF00976
1,2022-01-12,FORD,TERRITORY,TERRITORY TITANIUM 1.5 AUT,LJXCU2BB6NTF02632
1,2022-01-12,FORD,TERRITORY,TERRITORY TITANIUM 1.5 AUT,LJXCU2BB7NTF01019
1,2022-01-12,FORD,TERRITORY,TERRITORY TITANIUM 1.5 AUT,LJXCU2BB7NTF01991
1,2022-01-12,FORD,TERRITORY,TERRITORY TITANIUM 1.5 AUT,LJXCU2BB8NTF01983
1,2022-01-12,FORD,TERRITORY,TERRITORY TITANIUM 1.5 AUT,LJXCU2BB8NTF02194
1,2022-01-12,FORD,TERRITORY,TERRITORY TITANIUM 1.5 AUT,LJXCU2BB8NTF05502
1,2022-01-12,FORD,TERRITORY,TERRITORY TITANIUM 1.5 AUT,LJXCU2BB8NTF05614
1,2022-01-12,FORD,TERRITORY,TERRITORY TITANIUM 1.5 AUT,LJXCU2BB9NTF02219
1,2022-01-12,FORD,TERRITORY,TERRITORY TITANIUM 1.5 AUT,LJXCU2BBXNTF05596
1,2022-01-12,FORD,TERRITORY,TERRITORY TREND 1.5 AT,LJXCU2BB1NTF05373
1,2022-01-12,FORD,TERRITORY,TERRITORY TREND 1.5 AT,LJXCU2BB1NTF05471
1,2022-01-12,HYUNDAI,GRAND I-10,GRAND I10 HB 1.2,MALB251CANM239743
1,2022-01-12,HYUNDAI,HD 35,HD35,KMFVA17RPNC356636
1,2022-01-12,HYUNDAI,HD 35,HD35 SWB 2P 2.5,KMFVA17RPNC354826
1,2022-01-12,HYUNDAI,I20 BI3,I20 BI3 1.4,MALBG513ANM098363
1,2022-01-12,HYUNDAI,SOLATI,H350 2.5,KMFAB27RPNK024381
1,2022-01-12,HYUNDAI,SOLATI,H350 5P 2.5,KMFAB27RPNK024446
1,2022-01-12,HYUNDAI,STARIA MB,STARIA CRDI 2.2,KMJYA371ANU029492
1,2022-01-12,HYUNDAI,TUCSON NX4,TUCSON NX4 2.0 AUT,KMHJB81DBNU090327
1,2022-01-12,HYUNDAI,VERNA,VERNA CB 1.4 AUT,LBECBADC0NW166215
1,2022-01-12,PEUGEOT,208,208 BLUE HDI 100 4X2 1.5,VR3UBYHTKNT001975
1,2022-01-12,PEUGEOT,208,208 PURETECH 130 EAT8 1.2 AUT,VR3UPHNSSNT002143
1,2022-01-12,PEUGEOT,208,208 PURETECH 75 1.2,VR3UPHMGBNT001922
1,2022-01-12,PEUGEOT,208,208 PURETECH 75 1.2,VR3UPHMGBNT002014
1,2022-01-12,PEUGEOT,3008,3008 BLUE HDI 130 EAT8 1.5 AUT,VF3MCYHZUNS006749
1,2022-01-12,PEUGEOT,3008,3008 BLUE HDI 130 EAT8 1.5 AUT,VF3MCYHZUNS006928
1,2022-01-12,PEUGEOT,308,308 THP 165 HATCH BACK 1.6 AUT,VF3L35GYXNS005441
1,2022-01-12,PEUGEOT,5008,5008 BLUEHDI 130 1.5 AUT,VF3MCYHZUNL000917
1,2022-01-12,PEUGEOT,LANDTREK,LANDTREK 4X4 1.9,VR3FDAHDLN3003003
1,2022-01-12,PEUGEOT,LANDTREK,LANDTREK 4X4 1.9,VR3FDAHDLN3003234
1,2022-01-12,PEUGEOT,LANDTREK,LANDTREK 4X4 1.9,VR3FDAHDLN3005898
1,2022-01-12,PEUGEOT,LANDTREK,LANDTREK 4X4 1.9,VR3FDAHDLN3006563
1,2022-01-12,PEUGEOT,PARTNER,PARTNER HDI 92 L1 1.6,VR3EF9HPANJ531922
1,2022-01-12,RENAULT,KWID,KWID 1.0,93YRBB003NJ025876
1,2022-01-12,RENAULT,KWID,KWID 1.0,93YRBB004NJ025871
1,2022-01-12,RENAULT,KWID,KWID 1.0,93YRBB00XNJ026054
1,2022-01-12,RENAULT,SYMBOL,SYMBOL ZEN 1.6,9FB4SR9V5NM937295
1,2022-01-12,TOYOTA,4RUNNER,4RUNNER SR5 4.0 AUT,JTEZU4JR0N5258122
1,2022-01-12,TOYOTA,COROLLA,COROLLA SD HEV CVT 1.8 AUT,9BRBZ3BE7N4031103
1,2022-01-12,TOYOTA,COROLLA CROSS,COROLLA CROSS 1.8 AUT,9BRKZAAG9N0620197
1,2022-01-12,TOYOTA,COROLLA CROSS,COROLLA CROSS CVT HEV 1.8 AUT,9BRKZAAG3N0618364
1,2022-01-12,TOYOTA,COROLLA CROSS,COROLLA CROSS CVT HEV 1.8 AUT,9BRKZAAG9N0620040
1,2022-01-12,TOYOTA,HILUX,HI LUX 4X4 2.4,8AJDB8CB8N5511634
1,2022-01-12,TOYOTA,HILUX,HILUX 2.7,8AJJX3DD5L0756022
1,2022-01-12,TOYOTA,HILUX,HILUX PICK UP 4X4 2P 2.4,8AJDB8CBXN5511747
1,2022-01-12,TOYOTA,HILUX,HILUX PICKUP 2.7,8AJJX3DD8N0756342
1,2022-01-12,TOYOTA,HILUX,HILUX PICKUP 4P 4X4 2.4,8AJDB3CD2N1318228
1,2022-01-12,TOYOTA,HILUX,HILUX PICKUP 4P 4X4 2.4,8AJDB3CD4N1318229
1,2022-01-12,TOYOTA,HILUX,HILUX PICKUP 4P 4X4 2.4,8AJKB3CD2N1635515
1,2022-01-12,TOYOTA,RAV4,RAV4 OTTO 2.0,JTMZ43FV3ND102439
1,2022-01-12,TOYOTA,RAV4,RAV4 OTTO 2.0 AUT,JTMZ43FV2ND103324
1,2022-01-12,TOYOTA,RUSH,RUSH 1.5 MT,MHKE8FE20NK013462
1,2022-01-12,TOYOTA,RUSH,RUSH XLI 1.5,MHKE8FE20NK013299
1,2022-01-12,TOYOTA,YARIS,NEW YARIS SEDAN GLI 1.5,MR2B29F34N1233723
1,2022-01-12,TOYOTA,YARIS,NEW YARIS SEDAN GLI 1.5,MR2B29F35N1232838
1,2022-01-12,TOYOTA,YARIS,NEW YARIS SEDAN GLI 1.5,MR2B29F37N1234154
1,2022-01-12,TOYOTA,YARIS,NEW YARIS SEDAN GLI 1.5,MR2B29F39N1234088
1,2022-01-12,TOYOTA,YARIS,YARIS GLI 1.5,MR2B29F35N1235190
1,2022-01-12,TOYOTA,YARIS,YARIS SEDAN OTTO 1.5,MR2B29F30N1234853
1,2022-01-12,TOYOTA,YARIS,YARIS SEDAN OTTO 1.5,MR2B29F31N1234053
1,2022-01-12,TOYOTA,YARIS,YARIS SEDAN OTTO 1.5,MR2B29F32N1234837
1,2022-01-12,TOYOTA,YARIS,YARIS SEDAN OTTO 1.5,MR2B29F33N1235916
1,2022-01-12,TOYOTA,YARIS,YARIS SEDAN OTTO 1.5,MR2B29F35N1235254
1,2022-01-12,TOYOTA,YARIS,YARIS SEDAN OTTO 1.5,MR2B29F36N1235120
1,2022-01-12,TOYOTA,YARIS,YARIS SEDAN OTTO 1.5,MR2B29F37N1233215
1,2022-01-12,TOYOTA,YARIS,YARIS SEDAN OTTO 1.5,MR2B29F37N1235711
1,2022-01-12,TOYOTA,YARIS,YARIS SEDAN OTTO 1.5,MR2B29F39N1234785
1,2022-01-12,TOYOTA,YARIS,YARIS SEDAN OTTO 1.5,MR2B29F3XN1234455
1,2022-01-12,VOLKSWAGEN,AMAROK,AMAROK DCAB TDI 2.0 AUT,WV1ZZZ2HZNA008736
1,2022-01-12,VOLKSWAGEN,NUEVO VIRTUS,VIRTUS 1.6 AT,9BWDL5BZ6NP027743
1,2022-01-13,BMW,X3,X3 XDRIVE20D 2.0 AT,WBA11BZ00N9J44793
1,2022-01-13,CHEVROLET,CAPTIVA,CAPTIVA MT6 1.5,LZWADAGAXNB021332
1,2022-01-13,CHEVROLET,COLORADO,COLORADO DCAB 4X4 2.8,9BG148FK0NC432072
1,2022-01-13,CHEVROLET,GROOVE,GROOVE 1.5,LZWADAGA1NG008746
1,2022-01-13,CHEVROLET,GROOVE,GROOVE 1.5,LZWADAGA1NG010075
1,2022-01-13,CHEVROLET,GROOVE,GROOVE 1.5,LZWADAGA2NG008500
1,2022-01-13,CHEVROLET,GROOVE,GROOVE 1.5,LZWADAGA4NG012838
1,2022-01-13,CHEVROLET,ONIX,ONIX HB RS 1.OT,9BGED48K0NG133613
1,2022-01-13,CHEVROLET,ONIX,ONIX HB RS 1.OT,9BGEN48K0NG138648
1,2022-01-13,CHEVROLET,ONIX,ONIX II LTZ 1.0,9BGEN48K0NG134476
1,2022-01-13,CHEVROLET,ONIX,ONIX NB LT 1.0T,9BGEB69K0NG140568
1,2022-01-13,CHEVROLET,ONIX,ONIX NB LT 1.0T,9BGEN48K0NG135498
1,2022-01-13,CHEVROLET,ONIX,ONIX NB LT 1.0T,9BGEN69K0NG140415
1,2022-01-13,CHEVROLET,SILVERADO,SILVERADO CC LTZ 4X4 3.0 AUT,3GCUY9ET3MG453578
1,2022-01-13,CHEVROLET,SPIN,SPIN 1.8,9BGJP7560NB146442
1,2022-01-13,CHEVROLET,TRACKER,TRACKER 1.2T,9BGEN76C0NB141645
1,2022-01-13,CHEVROLET,TRACKER,TRACKER 1.2T,9BGEN76C0NB141769
1,2022-01-13,FORD,BRONCO SPORT,BRONCO SPORT WILDTRAK 4X4 2.0 AUT,3FMCR9E96MRA86723
1,2022-01-13,FORD,TERRITORY,TERRITORY 1.5 AUT,LJXCU2BB5NTF05411
1,2022-01-13,FORD,TERRITORY,TERRITORY TITANIUM 1.5 AUT,LJXCU2BB4NTF04962
1,2022-01-13,HYUNDAI,GRAND I-10,GRAND I10 1.2,MALB251CANM239757
1,2022-01-13,HYUNDAI,GRAND I-10 AI3 HB 1.2,GRAND I-10 AI3 HB 1.2,MALB251CANM236459
1,2022-01-13,HYUNDAI,STARIA MB,STARIA US4 CRDI 2.2,KMJYA371ANU029199
1,2022-01-13,HYUNDAI,STARIA MB,STARIA US4 CRDI 2.2,KMJYA371ANU029497
1,2022-01-13,HYUNDAI,TUCSON NX4,TUCSON NX4 2.0 AUT,KMHJB81DBNU089417
1,2022-01-13,HYUNDAI,TUCSON NX4,TUCSON NX4 GDI 7DCT 1.6 AUT,KMHJB81BGNU101161
1,2022-01-13,HYUNDAI,TUCSON NX4,TUCSON NX4 MPI 2.0,KMHJB81DANU099698
1,2022-01-13,PEUGEOT,2008,2008 ACTIVE 1.2,VR3USHNSKNJ524322
1,2022-01-13,PEUGEOT,2008,2008 ACTIVE 1.5,VR3UDYHSKNJ524279
1,2022-01-13,PEUGEOT,2008,2008 PURETECH 130 1.2,VR3USHNSKNJ526107
1,2022-01-13,PEUGEOT,2008,2008 PURETECH 130 EAT8 1.2 AUT,VR3USHNSSNJ526313
1,2022-01-13,PEUGEOT,208,208 BLUE HDI 100 4X2 1.5,VR3UBYHTKNT002278
1,2022-01-13,PEUGEOT,301,301 HDI 92HP 1.6,VF3DD9HP0NJ524486
1,2022-01-13,PEUGEOT,5008,5008 BLUEHDI 130 1.5 AUT,VF3MCYHZUNS007493
1,2022-01-13,PEUGEOT,BOXER,BOXER HDI L3 2.0,VF3YD3MAUN2T78719
1,2022-01-13,TOYOTA,4RUNNER,4RUNNER 4X4 4.0 AUT,JTEBU4JRXN5990226
1,2022-01-13,TOYOTA,COROLLA,COROLLA XLI 1.6,9BRBE3BE2N4001289
1,2022-01-13,TOYOTA,FORTUNER,FORTUNER 4X4 2.8 AUT,8AJDA3FS1N0504149
1,2022-01-13,TOYOTA,HILUX,HI LUX 4X4 2.4,8AJDB3CD3N1317508
1,2022-01-13,TOYOTA,HILUX,NEW HILUX 4X4 2.4,8AJDB3CD9N1317979
1,2022-01-13,TOYOTA,RAV4,RAV 4 LE 2.0,JTMZ43FV9ND103966
1,2022-01-13,TOYOTA,RAV4,RAV4 OTTO 2.0,JTMZ43FV3ND103302
1,2022-01-13,TOYOTA,RUSH,RUSH 1.5 AT,MHKE8FF30NK012101
1,2022-01-13,TOYOTA,RUSH,RUSH XLI 1.5,MHKE8FE20NK013749
1,2022-01-13,TOYOTA,YARIS,YARIS HB 1.5,MR2K29F36N1232685
1,2022-01-14,CHEVROLET,COLORADO,COLORADO DCAB 4X4 2.8 AT,9BG148PK0NC425048
1,2022-01-14,CHEVROLET,GROOVE,GROOVE 1.5,LZWADAGA4NG012385
1,2022-01-14,CHEVROLET,GROOVE,GROOVE 1.5,LZWADAGA7NG015281
1,2022-01-14,CHEVROLET,GROOVE,GROOVE 1.5,LZWADAGA8NG012843
1,2022-01-14,CHEVROLET,SPIN,SPIN 1.8,9BGJP7560NB149800
1,2022-01-14,CHEVROLET,TRACKER,TRACKER 1.2T AUT,9BGEN76C0NB141730
1,2022-01-14,CHEVROLET,TRACKER,TRACKER 1.2T AUT,9BGEN76C0NB143586
1,2022-01-14,CHEVROLET,TRACKER,TRACKER 1.2T AUT,9BGEN76C0NB149761
1,2022-01-14,FORD,NEW RANGER,NEW RANGER XLT 4X4 3.2 AUT,8AFAR23W9NJ261255
1,2022-01-14,FORD,NEW RANGER,RANGER RAPTOR 2.0,MPBUR2361NX359314
1,2022-01-14,FORD,TERRITORY,NEW TERRITORY TREND 1.5 AUT,LJXCU2BB3NTF02099
1,2022-01-14,FORD,TERRITORY,NEW TERRITORY TREND 1.5 AUT,LJXCU2BB5NTF05537
1,2022-01-14,FORD,TERRITORY,NEW TERRITORY TREND 1.5 AUT,LJXCU2BB6NTF05465
1,2022-01-14,FORD,TERRITORY,TERRITORY TITANIUM GTDI 1.5 AUT,LJXCU2BB6NTF02064
1,2022-01-14,FORD,TERRITORY,TERRITORY TREND 1.5 AT,LJXCU2BB5NTF06994
1,2022-01-14,HYUNDAI,ACCENT HCI,ACCENT HCI 1.4,MALC741BAMM296981
1,2022-01-14,HYUNDAI,ACCENT HCI,ACCENT HCI 1.4,MALC741BANM303819
1,2022-01-14,HYUNDAI,I20 BI3,I20 BI3 1.4,MALBG513ANM102942
1,2022-01-14,HYUNDAI,NEW CRETA,CRETA SU2I 1.5,MALPB812AMM226864
1,2022-01-14,HYUNDAI,STARIA MB,STARIA US4 CRDI 6MT 4X2 2.2,KMHYB811BNU029756
1,2022-01-14,HYUNDAI,TUCSON NX4,TUCSON NX4 GDI 7DCT 1.6 AUT,KMHJB81BGNU099968
1,2022-01-14,PEUGEOT,2008,2008 ALLURE 1.2 AUT,VR3USHNSSNJ533987
1,2022-01-14,PEUGEOT,2008,2008 ALLURE BLUEHDI 1.5 AUT,VR3UDYHZSNJ533951
1,2022-01-14,PEUGEOT,2008,2008 PURETECH 130 1.2,VR3USHNSKNJ524326
1,2022-01-14,PEUGEOT,3008,3008 GT 1.6 AUT,VF3M45GFUNS010318
1,2022-01-14,PEUGEOT,3008,3008 PURETECH 1.2L,VF3MRHNSMNS007453
1,2022-01-14,PEUGEOT,5008,5008 BLUEHDI 130 1.5 AUT,VF3MCYHZUNS009745
1,2022-01-14,PEUGEOT,EXPERT,EXPERT 2.0,VF3VFAHXGNZ002585
1,2022-01-14,PEUGEOT,PARTNER,PARTNER HDI 92 L2 1.6,VR3EF9HPANJ522761
1,2022-01-14,PEUGEOT,RIFTER,RIFTER ALLURE BLUEHDI 1.5,VR3ECYHZ2NJ526782
1,2022-01-14,PEUGEOT,RIFTER,RIFTER ALLURE BLUEHDI 1.5,VR3ECYHZ2NJ526785
1,2022-01-14,TOYOTA,HILUX,HI LUX 2.4,8AJJB3DDXN4234822
1,2022-01-14,TOYOTA,RUSH,NEW RUSH XLI 1.5,MHKE8FE20NK013597
1,2022-01-14,TOYOTA,RUSH,NEW RUSH XLI 1.5,MHKE8FE20NK013621
1,2022-01-14,TOYOTA,YARIS,NEW YARIS SEDAN GLI 1.5,MR2B29F35N123408
1,2022-01-14,TOYOTA,YARIS,YARIS 1.5,MR2B29F34N1233558
1,2022-01-14,VOLKSWAGEN,VOYAGE,VOYAGE 1.6,9BWDB45U1NT092231
1,2022-01-17,BMW,X2 ,X2 SDRIVE18I DYNAMIC 1.5 AUT,WBAYH1100N5U34152
1,2022-01-17,CHEVROLET,CAPTIVA,CAPTIVA MT6 1.5,LZWADAGA4NB027787
1,2022-01-17,CHEVROLET,COLORADO,COLORADO DCAB 4X4 2.8 AT,9BG148PK0NC431259
1,2022-01-17,CHEVROLET,D-MAX,D MAX E5 DCAB 4X4 2.5,MPATFS86JNT000552
1,2022-01-17,CHEVROLET,GROOVE,GROOVE 1.5,LZWADAGA1NG008505
1,2022-01-17,CHEVROLET,GROOVE,GROOVE 1.5,LZWADAGA1NG010058
1,2022-01-17,CHEVROLET,GROOVE,GROOVE 1.5,LZWADAGA1NG012358
1,2022-01-17,CHEVROLET,GROOVE,GROOVE 1.5,LZWADAGA1NG012361
1,2022-01-17,CHEVROLET,GROOVE,GROOVE 1.5,LZWADAGA1NG012442
1,2022-01-17,CHEVROLET,GROOVE,GROOVE 1.5,LZWADAGA2NG015365
1,2022-01-17,CHEVROLET,GROOVE,GROOVE 1.5,LZWADAGA3NG006707
1,2022-01-17,CHEVROLET,GROOVE,GROOVE 1.5,LZWADAGA3NG010059
1,2022-01-17,CHEVROLET,GROOVE,GROOVE 1.5,LZWADAGAXNG012410
1,2022-01-17,CHEVROLET,ONIX,ONIX HB PREMIER 1.0 AUT,9BGEY48K0NG137955
1,2022-01-17,CHEVROLET,ONIX,ONIX HB RS 1.OT,9BGED48K0NG135854
1,2022-01-17,CHEVROLET,ONIX,ONIX HB RS 1.OT,9BGEN48K0NG119943
1,2022-01-17,CHEVROLET,ONIX,ONIX HB RS 1.OT,9BGEN48K0NG133986
1,2022-01-17,CHEVROLET,ONIX,ONIX HB RS 1.OT,9BGEN69K0NG135207
1,2022-01-17,CHEVROLET,ONIX,ONIX NB PREMIER 1.0T AUT,9BGEP69K0NG134876
1,2022-01-17,CHEVROLET,SAIL,SAIL 1.5,LSGHD52H6ND025352
1,2022-01-17,CHEVROLET,SPIN,SPIN 1.8,9BGJP7560NB146200
1,2022-01-17,CHEVROLET,SPIN,SPIN 1.8,9BGJP7560NB149354
1,2022-01-17,CHEVROLET,SPIN,SPIN 1.8,9BGJP7560NB149390
1,2022-01-17,CHEVROLET,TRACKER,TRACKER 1.2T,9BGEA76C0NB142134
1,2022-01-17,CHEVROLET,TRACKER,TRACKER 1.2T,9BGEA76C0NB143043
1,2022-01-17,CHEVROLET,TRACKER,TRACKER 1.2T,9BGEA76C0NB145140
1,2022-01-17,CHEVROLET,TRACKER,TRACKER 1.2T,9BGEA76C0NB145832
1,2022-01-17,CHEVROLET,TRACKER,TRACKER 1.2T,9BGEA76C0NB149353
1,2022-01-17,CHEVROLET,TRACKER,TRACKER 1.2T,9BGEA76C0NB161775
1,2022-01-17,CHEVROLET,TRACKER,TRACKER 1.2T,9BGEN76C0NB141721
1,2022-01-17,CHEVROLET,TRACKER,TRACKER 1.2T,9BGEN76C0NB141819
1,2022-01-17,CHEVROLET,TRACKER,TRACKER 1.2T AUT,9BGEN76C0NB142149
1,2022-01-17,CHEVROLET,TRACKER,TRACKER 1.2T AUT,9BGEN76C0NB144793
1,2022-01-17,CHEVROLET,TRACKER,TRACKER 1.2T AUT,9BGEN76C0NB149225
1,2022-01-17,CHEVROLET,TRACKER,TRACKER 1.2T AUT,9BGEN76C0NB149973
1,2022-01-17,FORD,BRONCO SPORT,BRONCO SPORT 4X4 1.5 AUT,3FMCR9B67MRB16404
1,2022-01-17,FORD,NEW RANGER,RANGER RAPTOR 4X4 2.0 AUT,MPBUR2365NX359316
1,2022-01-17,FORD,NEW RANGER,RANGER XLT 4X4 3.2,8AFAR23W8NJ261148
1,2022-01-17,FORD,TERRITORY,TERRITORY 1.5 AUT,LJXCU2BB6NTF05417
1,2022-01-17,FORD,TERRITORY,TERRITORY 1.5 AUT,LJXCU2BB9NTF05332
1,2022-01-17,FORD,TERRITORY,TERRITORY TREND 1.5 AUT,LJXCU2BB4NTF05383
1,2022-01-17,FORD,TERRITORY,TERRITORY TREND 1.5 AUT,LJXCU2BB5NTF05005
1,2022-01-17,FORD,TERRITORY,TERRITORY TREND 1.5 AUT,LJXCU2BB5NTF05408
1,2022-01-17,FORD,TRANSIT VAN,TRANSIT CUSTOM FURGON 2.2,WF0YXXTTGNTC70527
1,2022-01-17,HYUNDAI,ACCENT HCI,ACCENT HCI 1.4,MALC741BAMM265204
1,2022-01-17,HYUNDAI,ACCENT HCI,ACCENT HCI 1.4,MALC741BANM303777
1,2022-01-17,HYUNDAI,ACCENT HCI,ACCENT HCI 1.4,MALC741BANM303784
1,2022-01-17,HYUNDAI,ACCENT HCI,ACCENT HCI 1.4,MALC741BANM303832
1,2022-01-17,HYUNDAI,GRAND I-10,GRAND I10 HB 1.2,MALB251CANM236142
1,2022-01-17,HYUNDAI,GRAND I-10,GRAND I10 HB 1.2,MALB251CANM239111
1,2022-01-17,HYUNDAI,STARIA MB,STARIA US4 CRDI 2.2,KMJYA371ANU029460
1,2022-01-17,HYUNDAI,STARIA MB,STARIA US4 CRDI 2.2,KMJYA371ANU029560
1,2022-01-17,PEUGEOT,2008,2008 BLUE HDI 100 4X2 1.5,VR3UDYHSKNJ524304
1,2022-01-17,PEUGEOT,2008,2008 BLUE HDI 100 4X2 1.5,VR3UDYHSKNJ529050
1,2022-01-17,PEUGEOT,2008,2008 BLUE HDI 100 4X2 1.5,VR3UDYHSKNJ529060
1,2022-01-17,PEUGEOT,2008,2008 BLUE HDI 100 4X2 1.5,VR3UDYHSKNJ529073
1,2022-01-17,PEUGEOT,2008,2008 PURETECH 130 1.2,VR3USHNSKNJ529085
1,2022-01-17,PEUGEOT,2008,2008 PURETECH 130 1.2,VR3USHNSKNJ529392
1,2022-01-17,PEUGEOT,2008,2008 PURETECH 130 EAT8 1.2 AUT,VR3USHNSSNJ529156
1,2022-01-17,PEUGEOT,2008,2008 PURETECH 130 EAT8 1.2 AUT,VR3USHNSSNJ529158
1,2022-01-17,PEUGEOT,2008,208 PURETECH HB 1.2 AT,VR3UPHNKSNT002459
1,2022-01-17,PEUGEOT,3008,3008 BLUE HDI 130 1.5,VF3MCYHZMNS007515
1,2022-01-17,PEUGEOT,301,301 HDI 92HP 1.6,VF3DD9HP0NJ530482
1,2022-01-17,PEUGEOT,5008,5008 BLUEHDI 130 1.5 AUT,VF3MCYHZUNS009900
1,2022-01-17,PEUGEOT,5008,5008 THP 165 1.6 AUT,VF3M45GYWNS009837
1,2022-01-17,PEUGEOT,5008,5008 THP 165 1.6 AUT,VF3M45GYWNS009840
1,2022-01-17,PEUGEOT,EXPERT,EXPERT 2.0,VF3VFAHXGNZ002818
1,2022-01-17,PEUGEOT,EXPERT,EXPERT 2.0,VF3VFAHXGNZ002864
1,2022-01-17,PEUGEOT,PARTNER,PARTNER 1.6,VR3EF9HPANJ528896
1,2022-01-17,PEUGEOT,PARTNER,PARTNER HDI 1.6,VR3EF9HPANJ530929
1,2022-01-17,PEUGEOT,PARTNER,PARTNER HDI 1.6,VR3EF9HPANJ531573
1,2022-01-17,PEUGEOT,PARTNER,PARTNER HDI 1.6,VR3EF9HPANJ531608
1,2022-01-17,PEUGEOT,PARTNER,PARTNER HDI 1.6,VR3EF9HPANJ531618
1,2022-01-17,PEUGEOT,PARTNER,PARTNER HDI 92 L1 1.6,VR3EF9HPANJ531896
1,2022-01-17,PEUGEOT,PARTNER,PARTNER HDI 92 L1 1.6,VR3EF9HPANJ531900
1,2022-01-17,PEUGEOT,PARTNER,PARTNER HDI 92 L1 1.6,VR3EF9HPANJ531901
1,2022-01-17,PEUGEOT,PARTNER,PARTNER HDI 92 L1 1.6,VR3EF9HPANJ531902
1,2022-01-17,PEUGEOT,PARTNER,PARTNER HDI 92 L1 1.6,VR3EF9HPANJ531904
1,2022-01-17,PEUGEOT,PARTNER,PARTNER HDI 92 L1 1.6,VR3EF9HPANJ531906
1,2022-01-17,PEUGEOT,PARTNER,PARTNER HDI 92 L2 1.6,VR3EF9HPANJ527397
1,2022-01-17,PEUGEOT,PARTNER,PARTNER HDI 92 L2 1.6,VR3EF9HPANJ527679
