mes;marca;modelo;versao;dia;ano;vin
9;CHEVROLET;TRACKER;TRACKER 1.2T AUT;5;2022;9BGEP76C0PB135070
9;CHEVROLET;TRACKER;TRACKER 1.2T;5;2022;9BGEA76C0PB123327
9;CHEVROLET;TRACKER;TRACKER 1.2T;5;2022;9BGEA76C0PB134732
9;FORD;NEW RANGER;RANGER ICA DSL LIMITED 4X4 3.2L;5;2022;8AFAR23W9PJ298163
9;FORD;NEW RANGER;RANGER ICA DSL LIMITED 4X4 3.2L AT;5;2022;8AFAR23W1PJ288565
9;FORD;NEW RANGER;RANGER RAPTOR 2.0 DIESEL;5;2022;MPBUR2361NX380342
9;FORD;NEW RANGER;RANGER ICA DSL XLT 4X2 3.2L;5;2022;8AFAR22W8PJ296969
9;CHEVROLET;TRACKER;TRACKER 1.2T AUT;5;2022;9BGEP76C0PB137255
9;TOYOTA;RAIZE;RAIZE CVT 1.2 AUT;2;2022;MHKAB1BA4NJ017854
9;CHEVROLET;N400 MAX;N400 MAX 1.5;2;2022;LZWCDAGA6PC801995
9;CHEVROLET;N400 MAX;N400 MAX 1.5;2;2022;LZWCDAGA2PC803856
9;CHEVROLET;N400 MAX;N400 MAX 1.5;2;2022;LZWCDAGA4PC803860
9;TOYOTA;COROLLA CROSS;COROLLA CROSS CVT 2.0 AUT;2;2022;9BRK4AAG3N0053998
9;HYUNDAI;VENUE;VENUE QX 1.6;5;2022;KMHRC812APU192190
9;CHEVROLET;TRACKER;TRACKER 1.2T AUT;5;2022;9BGEP76C0PB124257
9;CHEVROLET;TRACKER;TRACKER 1.2T;5;2022;9BGEA76C0PB122027
9;TOYOTA;RAV4;RAV4 4X4 OTTO 2.0;2;2022;JTMB43FV8PD035874
9;VOLKSWAGEN;TOUAREG;TOUAREG 4X4 3.0 AT;2;2022;WVGZZZCRZND021792
9;CHEVROLET;N400 MAX;N400 MAX 1.5;2;2022;LZWCDAGA3PC803879
9;CHEVROLET;N400 MAX;N400 MAX 1.5;2;2022;LZWCDAGA4PC800943
9;TOYOTA;COROLLA CROSS;COROLLA CROSS CVT 2.0 AUT;2;2022;9BRK4AAG4N0054089
9;TOYOTA;COROLLA CROSS;COROLLA CROSS CVT 2.0 AUT;2;2022;9BRK4AAGXN0054081
9;TOYOTA;COROLLA CROSS;COROLLA CROSS CVT 2.0 AUT;2;2022;9BRK4AAG1N0053854
9;TOYOTA;COROLLA CROSS;COROLLA CROSS CVT 2.0 AUT;2;2022;9BRK4AAG5N0055011
9;CHEVROLET;N400 MAX;N400 MAX 1.5;2;2022;LZWCDAGA6PC800880
9;PEUGEOT;3008;3008 BLUE HDI 130 EAT8 1.5 AUT;2;2022;VF3MCYHZUPS005278
9;TOYOTA;COROLLA CROSS;COROLLA CROSS CVT 2.0 AUT;2;2022;9BRK4AAG8N0054743
9;TOYOTA;COROLLA CROSS;COROLLA CROSS CVT 2.0 AUT;2;2022;9BRK4AAG3N0054696
9;PEUGEOT;LANDTREK;LANDTREK 4X4 1.9;2;2022;VR3FDAHDLN3006932
9;PEUGEOT;BOXER;BOXER HDI L3 2.0;2;2022;VF3YD3MAUP2U46642
9;TOYOTA;COROLLA CROSS;COROLLA CROSS CVT 2.0 AUT;2;2022;9BRK4AAG6N0052988
9;TOYOTA;COROLLA CROSS;COROLLA CROSS CVT 2.0 AUT;2;2022;9BRK4AAG2P0058080
9;TOYOTA;COROLLA CROSS;COROLLA CROSS CVT 2.0 AUT;2;2022;9BRK4AAG5N0054246
9;TOYOTA;COROLLA CROSS;COROLLA CROSS CVT 2.0 AUT;2;2022;9BRK4AAG3N0054164
9;TOYOTA;COROLLA CROSS;COROLLA CROSS CVT 2.0 AUT;2;2022;9BRK4AAG0N0054140
9;TOYOTA;COROLLA CROSS;COROLLA CROSS CVT 2.0 AUT;2;2022;9BRK4AAG7N0054040
9;TOYOTA;COROLLA CROSS;COROLLA CROSS CVT 2.0 AUT;2;2022;9BRK4AAG8N0054015
9;TOYOTA;COROLLA CROSS;COROLLA CROSS CVT 2.0 AUT;2;2022;9BRK4AAG0N0053909
9;PEUGEOT;3008;3008 PURETECH 180 EAT8 1.6 AUT;2;2022;VF3M45GFUPS006157
9;PEUGEOT;5008;5008 THP 165 1.6 AUT;2;2022;VF3M45GYWPS004536
9;TOYOTA;COROLLA CROSS;COROLLA CROSS CVT 2.0 AUT;2;2022;9BRK4AAG1N0055068
9;TOYOTA;COROLLA CROSS;COROLLA CROSS CVT 2.0 AUT;2;2022;9BRK4AAG0N0054736
9;TOYOTA;COROLLA CROSS;COROLLA CROSS CVT 2.0 AUT;2;2022;9BRK4AAG9N0054413
9;TOYOTA;COROLLA CROSS;COROLLA CROSS CVT 2.0 AUT;2;2022;9BRK4AAG1N0054258
9;VOLKSWAGEN;AMAROK;AMAROK DCAB TDI 4X4 TRENDLINE 2.0;5;2022;WV1ZZZ2HZNA021735
9;CHEVROLET;TRACKER;TRACKER 1.2T AUT;5;2022;9BGEP76C0PB118194
9;CHEVROLET;COLORADO;COLORADO DCAB 4X4 2.8 AT;5;2022;9BG148MK0PC403855
9;FIAT;PULSE;PULSE IMPETUS TF200 1.0 AUT;5;2022;9BD363B32PYZ20015
9;PEUGEOT;BOXER;BOXER HDI L2H2 2.0;5;2022;VF3YD3MFBP2V27632
9;CHEVROLET;TRACKER;TRACKER 1.2T;5;2022;9BGEA76C0PB137038
9;CHEVROLET;GROOVE;GROOVE 1.5;5;2022;LZWADAGA5PG002726
9;FIAT;PULSE;PULSE DRIVE HB 1.3 AUT;5;2022;9BD363B16PYZ36151
9;CHEVROLET;N400 MAX;N400 MAX 1.5;5;2022;LZWCDAGA1PC800866
9;CHEVROLET;SILVERADO;SILVERADO 4X4 CC 5.3 AUT;5;2022;3GCUD9ED1NG563843
9;TOYOTA;RAV4;RAV4 OTTO 2.0 AUT;5;2022;JTMZ43FV2PD132986
9;CHEVROLET;ONIX;ONIX HB RS 1.0T;5;2022;9BGEN48K0PG138072
9;PEUGEOT;BOXER;BOXER HDI L2H2 2.0;2;2022;VF3YD3MFBP2U93703
9;CHEVROLET;TRACKER;TRACKER 1.2T;5;2022;9BGEN76C0PB102096
9;CHEVROLET;TRACKER;TRACKER 1.2T AUT;5;2022;9BGEN76C0PB118563
9;CHEVROLET;TRACKER;TRACKER 1.2T AUT;5;2022;9BGEP76C0PB125041
9;CHEVROLET;COLORADO;COLORADO DCAB 4X4 2.8 AT;5;2022;9BG148FK0PC404482
9;CHEVROLET;GROOVE;GROOVE 1.5;5;2022;LZWADAGA8PG010142
9;CHEVROLET;N400 MAX;N400 MAX 1.5;5;2022;LZWCDAGA6PC800751
9;PEUGEOT;LANDTREK;LANDTREK 4X4 1.9;5;2022;VR3FDAHDLN3006713
9;PEUGEOT;LANDTREK;LANDTREK 4X4 1.9;5;2022;VR3FDAHDLP3008003
9;PEUGEOT;LANDTREK;LANDTREK 4X4 1.9;5;2022;VR3FDAHDLP3008002
9;PEUGEOT;LANDTREK;LANDTREK 4X4 1.9;5;2022;VR3FDAHDLP3009153
9;PEUGEOT;LANDTREK;LANDTREK 4X4 1.9;5;2022;VR3FDAHDLP3008074
9;PEUGEOT;LANDTREK;LANDTREK 4X4 1.9;5;2022;VR3FDAHDLP3011012
9;PEUGEOT;LANDTREK;LANDTREK 4X4 1.9;5;2022;VR3FDAHDLP3010158
9;RENAULT;DUSTER;DUSTER 4X2 1.6;2;2022;VF1HJD208PA253252
9;FIAT;PULSE;PULSE DRIVE HB 1.3 AUT;2;2022;9BD363B16PYZ45657
9;TOYOTA;RUSH;RUSH 1.5 MT;2;2022;MHKE8FE30NK003795
9;PEUGEOT;EXPERT;TRAVELLER L3 BLUE HDI 180 2.0;2;2022;VF3VEEHTMPZ001939
9;HYUNDAI;TUCSON NX4;TUCSON NX4 MPI 2.0;5;2022;KMHJB81DAPU154406
9;TOYOTA;YARIS;YARIS HB 1.5 AUT;2;2022;MR2K29F3XN1248601
9;VOLKSWAGEN;POLO;POLO HATCH BACK 1.6 AT;2;2022;9BWAL5BZ1NP040578
9;PEUGEOT;LANDTREK;LANDTREK 1.9;5;2022;VR3FDAHDEP3010292
9;HYUNDAI;GRAND I-10;GRAND I10 HB 1.2;5;2022;MALB251CAPM320167
9;HYUNDAI;TUCSON NX4;TUCSON NX4 2.0 AUT;5;2022;KMHJB81DBPU163462
9;VOLKSWAGEN;GOL;GOL HB 1.6;5;2022;9BWAB45U5NT121801
9;PEUGEOT;LANDTREK;LANDTREK 4X4 1.9;5;2022;VR3FDAHDLP3009174
9;PEUGEOT;2008;2008 BLUE HDI 130 EAT8 1.5 AUT;5;2022;VR3UDYHZSPJ508391
9;FORD;TERRITORY;TERRITORY 1.5 AUT;5;2022;LJXCU2BB3NTF16181
9;CHEVROLET;ONIX;ONIX NB LT 1.0T;5;2022;9BGEN69K0PG134165
9;CHEVROLET;TRACKER;TRACKER 1.2T AUT;5;2022;9BGEP76C0PB133145
9;CHEVROLET;ONIX;ONIX HB PREMIER 1.0 AUT;5;2022;9BGEY48K0PG138143
9;CHEVROLET;ONIX;ONIX HB PREMIER 1.0 AUT;5;2022;9BGEY48K0PG137322
9;HYUNDAI;STARIA FG;STARIA US4 FG 2.2 CRDI MT;5;2022;KMFYFX71ANU062100
9;FORD;TERRITORY;TERRITORY 1.5 AUT;5;2022;LJXCU2BB5NTF12679
9;FORD;TERRITORY;TERRITORY 1.5 AUT;5;2022;LJXCU2BB3NTF15905
9;CHEVROLET;SAIL;SAIL NB 1.5L II ABS N;5;2022;LSGHD52H1ND141610
9;FORD;TERRITORY;TERRITORY 1.5 AUT;5;2022;LJXCU2BB5NTF12178
9;FORD;TERRITORY;TERRITORY 1.5 AUT;5;2022;LJXCU2BB2NTF12185
9;FORD;TERRITORY;TERRITORY 1.5 AUT;5;2022;LJXCU2BB6NTF16434
9;FORD;NEW RANGER;RANGER DCAB 4X4 3.2 AUT;5;2022;8AFAR23W3PJ288583
9;FIAT;PULSE;PULSE AUDACE HB 1.0 AUT;5;2022;9BD363B22PYZ21021
9;CHEVROLET;TRACKER;TRACKER 1.2T;5;2022;9BGEA76C0PB132465
9;CHEVROLET;TRACKER;TRACKER 1.2T;5;2022;9BGEA76C0PB131567
9;FORD;TERRITORY;TERRITORY 1.5 AUT;5;2022;LJXCU2BB4NTF12205
9;FORD;TERRITORY;TERRITORY 1.5 AUT;5;2022;LJXCU2BB4NTF15976
9;TOYOTA;HILUX;HILUX PICK UP 4X4 2P 2.4;5;2022;8AJDB8CB1P5514393
9;CHEVROLET;SAIL;SAIL 1.5;5;2022;LSGHD52HXND131450
9;CHEVROLET;SAIL;SAIL 1.5;5;2022;LSGHD52H9ND108760
9;CHEVROLET;SAIL;SAIL 1.5;5;2022;LSGHD52H6ND132157
9;RENAULT;EXPRESS;EXPRESS 1.5;5;2022;VF1RJK007NG087408
9;RENAULT;EXPRESS;EXPRESS 1.5;5;2022;VF1RJK003PG189405
9;RENAULT;EXPRESS;EXPRESS 1.5;5;2022;VF1RJK006PG189446
9;RENAULT;EXPRESS;EXPRESS 1.5;5;2022;VF1RJK005NG108689
9;RENAULT;EXPRESS;EXPRESS 1.5;5;2022;VF1RJK00XPG229799
9;FORD;NEW RANGER;RANGER DCAB XLT 4X4 3.2;5;2022;8AFAR23W6PJ297746
9;FORD;NEW RANGER;RANGER RAPTOR 4X4 2.0 AUT;5;2022;MPBUR2367NX394701
9;FORD;NEW RANGER;RANGER RAPTOR 4X4 2.0 AUT;5;2022;MPBUR2367NX394553
9;FORD;NEW RANGER;RANGER RAPTOR 4X4 2.0 AUT;5;2022;MPBUR2364NX397250
9;VOLKSWAGEN;GOL;GOL HB 1.6;5;2022;9BWAB45U4NT119778
9;CHEVROLET;GROOVE;GROOVE 1.5;5;2022;LZWADAGA9PG003555
9;FORD;NEW RANGER;RANGER RAPTOR 4X4 2.0 AUT;5;2022;MPBUR2365NX386953
9;FORD;NEW RANGER;RANGER RAPTOR 4X4 2.0 AUT;5;2022;MPBUR2368NX378460
9;CHEVROLET;SAIL;SAIL 1.5;5;2022;LSGHD52H6ND132241
9;TOYOTA;YARIS;YARIS GLI 1.5;5;2022;MR2B29F35N1250921
9;FORD;NEW RANGER;RANGER RAPTOR 2.0 DIESEL;5;2022;MPBUR2363NX378480
9;CHEVROLET;SAIL;SAIL 1.5;5;2022;LSGHD54HXND109350
9;TOYOTA;RAV4;RAV4 OTTO 2.0;5;2022;JTMZ43FV1PD132722
9;TOYOTA;4RUNNER;4RUNNER 4X4 4.0 AUT;5;2022;JTEBU4JR3N6071050
9;TOYOTA;YARIS;YARIS GLI 1.5;5;2022;MR2B29F32N1251153
9;RENAULT;EXPRESS;EXPRESS 1.5;5;2022;VF1RJK001PG229982
9;RENAULT;EXPRESS;EXPRESS 1.5;5;2022;VF1RJK006PG189379
9;RENAULT;EXPRESS;EXPRESS 1.5;5;2022;VF1RJK003PG189386
9;RENAULT;EXPRESS;EXPRESS 1.5;5;2022;VF1RJK000PG189376
9;RENAULT;EXPRESS;EXPRESS 1.5;5;2022;VF1RJK005PG189387
9;RENAULT;EXPRESS;EXPRESS 1.5;5;2022;VF1RJK008PG229980
9;RENAULT;EXPRESS;EXPRESS 1.5;5;2022;VF1RJK004PG189381
9;RENAULT;EXPRESS;EXPRESS 1.5;5;2022;VF1RJK005PG230004
9;RENAULT;EXPRESS;EXPRESS 1.5;5;2022;VF1RJK004PG229989
9;CHEVROLET;SAIL;SAIL 1.5;5;2022;LSGHD52H6ND141599
9;CHEVROLET;SAIL;SAIL 1.5;5;2022;LSGHD52H8ND109219
9;CHEVROLET;SAIL;SAIL 1.5;5;2022;LSGHD52H5ND109856
9;RENAULT;EXPRESS;EXPRESS 1.5;5;2022;VF1RJK001PG189371
9;FORD;NEW RANGER;RANGER RAPTOR 4X4 2.0 AUT;5;2022;MPBUR2360NX386973
9;FORD;NEW RANGER;RANGER RAPTOR 4X4 2.0 AUT;5;2022;MPBUR2360NX386987
9;RENAULT;EXPRESS;EXPRESS 1.5;5;2022;VF1RJK009PG229986
9;CHEVROLET;SAIL;SAIL 1.5;5;2022;LSGHD52HXND130170
9;CHEVROLET;CAPTIVA;CAPTIVA 1.5 AT;5;2022;LZWADAGA9PB011975
9;TOYOTA;HILUX;HI LUX TM 4X4 2.8;5;2022;8AJKA3CD8P3101316
9;PEUGEOT;3008;3008 BLUE HDI 130 1.5;5;2022;VF3MCYHZMPS004007
9;CHEVROLET;NKR;NKR 512 VL20;5;2022;JAANLR85EP7100084
9;FORD;NEW RANGER;RANGER DCAB XLT 4X4 3.2;5;2022;8AFAR23W2PJ297789
9;CHEVROLET;CAPTIVA;CAPTIVA 1.5 AUT;5;2022;LZWADAGA9PB007778
9;CHEVROLET;CAPTIVA;CAPTIVA MT6 4X2 1.5;5;2022;LZWADAGAXPB000757
9;RENAULT;EXPRESS;EXPRESS 1.5;5;2022;VF1RJK00XPG189448
9;RENAULT;EXPRESS;EXPRESS 1.5;5;2022;VF1RJK001PG189404
9;CHEVROLET;SAIL;SAIL 1.5;5;2022;LSGHD52H7ND139540
9;PEUGEOT;PARTNER;PARTNER HDI 92 L2 1.6;5;2022;VR3EF9HPAPJ513322
9;TOYOTA;HILUX;HI LUX D CAB 4X4 2.8;5;2022;MR0BA8CD9N0238411
9;FORD;BRONCO SPORT;BRONCO SPORT 4X4 1.5 AUT;5;2022;3FMCR9B62NRD36194
9;CHEVROLET;TRACKER;TRACKER 1.2T;5;2022;9BGEA76C0PB125092
9;CHEVROLET;ONIX;ONIX NB PREMIER 1.0T AUT;5;2022;9BGEP69K0PG136307
9;CHEVROLET;COLORADO;COLORADO DCAB 4X4 2.8 AT;5;2022;9BG148ZK0PC408880
9;CHEVROLET;COLORADO;COLORADO DCAB 4X4 2.8 AT;5;2022;9BG148PK0PC408833
9;CHEVROLET;COLORADO;COLORADO DCAB 4X4 2.8 AT;5;2022;9BG148PK0PC408613
9;HYUNDAI;GRAND I-10;GRAND I10 HB 1.2;5;2022;MALB251CAPM320156
9;HYUNDAI;GRAND I-10;GRAND I10 HB 1.2;5;2022;MALB251CAPM320157
9;HYUNDAI;GRAND I-10;GRAND I10 HB 1.2;5;2022;MALB251CAPM320163
9;HYUNDAI;GRAND I-10;GRAND I10 HB 1.2;5;2022;MALB251CAPM320164
9;HYUNDAI;GRAND I-10;GRAND I10 HB 1.2;5;2022;MALB251CAPM320165
9;FIAT;ARGO;ARGO HB 1.3;5;2022;9BD358A42PYL96357
9;CHEVROLET;TRACKER;TRACKER 1.2T;5;2022;9BGEA76C0PB125088
9;CHEVROLET;COLORADO;COLORADO DCAB 4X4 2.8 AT;5;2022;9BG148MK0PC400160
9;CHEVROLET;COLORADO;COLORADO DCAB 4X4 2.8 AT;5;2022;9BG148MK0PC400168
9;CHEVROLET;COLORADO;COLORADO DCAB 4X4 2.8 AT;5;2022;9BG148MK0PC408672
9;CHEVROLET;COLORADO;COLORADO DCAB 4X4 2.8 AT;5;2022;9BG148FK0PC405165
9;CHEVROLET;COLORADO;COLORADO DCAB 4X4 2.8 AT;5;2022;9BG148MK0PC408618
9;CHEVROLET;TRACKER;TRACKER 1.2T;5;2022;9BGEA76C0PB137227
9;CHEVROLET;COLORADO;COLORADO DCAB 4X4 2.8 AT;5;2022;9BG148PK0PC407863
9;CHEVROLET;COLORADO;COLORADO DCAB 4X4 2.8 AT;5;2022;9BG148MK0PC404872
9;FORD;TRANSIT VAN;TRANSIT 460E 2.2L PUMA T/M EURO V;5;2022;WF0HXXTTGNTY31230
9;FORD;NEW RANGER;RANGER RAPTOR 4X4 2.0 AUT;5;2022;MPBUR2361NX397254
9;CHEVROLET;CAPTIVA;CAPTIVA 1.5 AUT;5;2022;LZWADAGA3PB006951
9;CHEVROLET;CAPTIVA;CAPTIVA 1.5 AT;5;2022;LZWADAGA1PB005765
9;CHEVROLET;CAPTIVA;CAPTIVA MT6 1.5;5;2022;LZWADAGA3PB005251
9;CHEVROLET;SAIL;SAIL 1.5;5;2022;LSGHD52H4ND110058
9;CHEVROLET;SAIL;SAIL 1.5;5;2022;LSGHD54H7ND114411
9;TOYOTA;COROLLA CROSS;COROLLA CROSS CVT 2.0 AUT;5;2022;9BRK4AAG8P0058052
9;CHEVROLET;ONIX;ONIX HB RS 1.0T;5;2022;9BGED48K0PG160381
9;FIAT;ARGO;ARGO HB 1.3;5;2022;9BD358A42NYL84659
9;CHEVROLET;ONIX;ONIX NB LT 1.0T;5;2022;9BGEB69K0PG132997
9;CHEVROLET;ONIX;ONIX NB PREMIER 1.0T AUT;5;2022;9BGEP69K0PG137527
9;CHEVROLET;COLORADO;COLORADO DCAB 4X4 2.8 AT;5;2022;9BG148PK0PC404085
9;CHEVROLET;ONIX;ONIX HB RS 1.0T;5;2022;9BGED48K0PG157636
9;CHEVROLET;COLORADO;COLORADO DCAB 4X4 2.8;5;2022;9BG148FK0PC408726
9;CHEVROLET;COLORADO;COLORADO DCAB 4X4 2.8 AT;5;2022;9BG148MK0PC402701
9;HYUNDAI;GRAND I-10;GRAND I10 HB 1.2;5;2022;MALB251CAPM320166
9;FORD;BRONCO SPORT;BRONCO SPORT WILDTRAK 4X4 2.0 AUT;5;2022;3FMCR9E96NRD36222
9;PEUGEOT;LANDTREK;LANDTREK 4X4 1.9;5;2022;VR3FDAHDLP3009163
9;FORD;MUSTANG;MUSTANG MACH 1 5.0 AUT;5;2022;1FA6P8R07N5550139
9;FORD;NEW RANGER;RANGER DCAB 4X4 3.2 AUT;5;2022;8AFAR23W2PJ288560
9;HYUNDAI;NEW CRETA;CRETA SU2I 1.5;5;2022;MALPB812APM333543
9;HYUNDAI;NEW CRETA;CRETA SU2I 1.5;5;2022;MALPB812APM309447
9;PEUGEOT;EXPERT;TRAVELLER L3 BLUE HDI 2.0 AUT;5;2022;VF3VEEHZ7PZ001587
9;HYUNDAI;GRAND I-10;GRAND I10 HB 1.2;5;2022;MALB251CAPM322460
9;FORD;TERRITORY;TERRITORY 1.5 AUT;5;2022;LJXCU2BB5NTF16182
9;VOLKSWAGEN;CONSTELLATION;CONSTELLATION 17.280 DC;5;2022;95365824XPR17707
9;VOLKSWAGEN;GOL;GOL HB 1.6;5;2022;9BWAB45UXNT121227
9;HYUNDAI;GRAND I-10;GRAND I10 HB 1.2;5;2022;MALB251CAPM320168
9;HYUNDAI;GRAND I-10;GRAND I10 HB 1.2;5;2022;MALB251CAPM320170
9;HYUNDAI;GRAND I-10;GRAND I10 HB 1.2;5;2022;MALB251CAPM320171
9;TOYOTA;COROLLA;COROLLA SD 2.0;5;2022;9BRB43BE8N2114307
9;VOLKSWAGEN;GOL;GOL HB 1.6;5;2022;9BWAB45UXNT117937
9;PEUGEOT;5008;5008 PURETECH 180 EAT8 1.6 AUT;5;2022;VF3M45GFUPS005150
9;CHEVROLET;N400 MAX;N400 MAX 1.5;5;2022;LZWCDAGA3PC801002
9;FORD;EXPLORER;EXPLORER 4X2 2.3 AUT;5;2022;1FMSK7DH2NGB22896
9;FORD;EXPLORER;EXPLORER 4X2 2.3 AUT;5;2022;1FMSK7DH7NGB21632
9;HYUNDAI;SOLATI;H350 5P 2.5;5;2022;KMFAB27RPNK025224
9;CHEVROLET;ONIX;ONIX HB RS 1.0T;5;2022;9BGED48K0PG157611
9;CHEVROLET;GROOVE;GROOVE 1.5;5;2022;LZWADAGA8PG002994
9;CHEVROLET;GROOVE;GROOVE 1.5;5;2022;LZWADAGA7PG004199
9;HYUNDAI;GRAND I-10 SEDAN;GRAND I10 SDN 1.2;5;2022;MALB241CAPM129870
9;TOYOTA;HILUX;HILUX PICKUP 4P 4X4 2.4;5;2022;8AJKB3CD3P1644789
9;VOLKSWAGEN;VOYAGE;VOYAGE 1.6;5;2022;9BWDB45U2NT119632
9;FORD;NEW ESCAPE;ESCAPE AWD 2.0 AUT;5;2022;1FMCU9J95NUA56918
9;FORD;NEW ESCAPE;ESCAPE AWD 2.0 AUT;5;2022;1FMCU9J94NUA56716
9;TOYOTA;HILUX;HILUX PICKUP 4P 4X4 2.4;5;2022;8AJKB3CD8P1644917
9;TOYOTA;HILUX;HILUX PICKUP 4P 4X4 2.4;5;2022;8AJKB3CD4P1644509
9;TOYOTA;COROLLA;COROLLA SD 2.0;5;2022;9BRB43BE4N2114840
9;FORD;EDGE;EDGE AWD 2.0 AT;5;2022;2FMPK4J99NBA31889
9;FORD;NEW ESCAPE;ESCAPE FHEV 2.5 AUT;5;2022;1FMCU9DZ4NUA56100
9;FORD;NEW RANGER;RANGER DCAB 4X4 3.2 AUT;5;2022;8AFAR23W3PJ297963
9;TOYOTA;YARIS;YARIS XLI 1.5;5;2022;MR2B9F36N1250703
9;TOYOTA;HILUX;HILUX PICKUP 4P 4X4 2.4;5;2022;8AJKB3CD8P1644805
9;FORD;NEW RANGER;RANGER DSL XLS 4X4 3.2L;6;2022;8AFAR23W3PJ292956
9;FORD;NEW RANGER;RANGER ICA DSL XLT 4X2 3.2L;6;2022;8AFAR22W3PJ296989
9;CHEVROLET;SAIL;SAIL 1.5;5;2022;LSGHD52H4ND132593
9;FORD;EXPLORER;EXPLORER 4X4 2.3 AUT;5;2022;1FMSK8FH4NGA54877
9;VOLKSWAGEN;VOYAGE;VOYAGE 1.6;5;2022;9BWDB45U3NT126573
9;CHEVROLET;SAIL;SAIL 1.5;5;2022;LSGHD52H9ND109908
9;FORD;NEW RANGER;RANGER ICA DSL XLT 4X2 3.2L;6;2022;8AFAR22W2PJ296966
9;FORD;EDGE;EDGE ST 2.7 AWD;6;2022;2FMPK4AP1NBA46062
9;FORD;TERRITORY;NEW TERRITORY TITANIUM 1.5 AUT;5;2022;LJXCU2BBXNTF18283
9;TOYOTA;RAV4;RAV4 OTTO 2.0;5;2022;JTMZ43FV9ND131914
9;VOLKSWAGEN;TIGUAN;TIGUAN TSI 4X2 1.4 AUT;6;2022;3VVHP65N1NM079836
9;PEUGEOT;308;308 BLUEHDI 1.5 AUT;5;2022;VR3FBYHZTPY500270
9;CHEVROLET;N400 MAX;N400 MAX 1.5;5;2022;LZWCDAGA0PC800809
9;CHEVROLET;N400 MAX;N400 MAX 1.5;5;2022;LZWCDAGAXPC803801
9;TOYOTA;YARIS;NEW YARIS GLI 1.5;5;2022;MR2B29F39N1247195
9;HYUNDAI;HD 35;HD 35 LWB 2.5;6;2022;KMFVA17RPNC360141
9;VOLKSWAGEN;VOYAGE;VOYAGE 1.6;6;2022;9BWDB45U0NT125543
9;VOLKSWAGEN;VOYAGE;VOYAGE 1.6;6;2022;9BWDB45U9NT128747
9;CHEVROLET;TRAVERSE;TRAVERSE AWD DOHC 3.6 AUT;5;2022;1GNEV9KW5NJ162535
9;VOLKSWAGEN;NIVUS;NIVUS TSI 1.0 AUT;6;2022;9BWCH6CH7NP033396
9;FORD;TERRITORY;TERRITORY 1.5 AUT;6;2022;LJXCU2BB5NTF15923
9;CHEVROLET;ONIX;ONIX HB RS 1.0T;5;2022;9BGED48K0PG156959
9;CHEVROLET;GROOVE;GROOVE 1.5;5;2022;LZWADAGAXPG004083
9;CHEVROLET;ONIX;ONIX HB RS 1.0T;5;2022;9BGED48K0PG157585
9;CHEVROLET;GROOVE;GROOVE 1.5;5;2022;LZWADAGA7PG003912
9;PEUGEOT;208;208 PURETECH 130 EAT8 1.2 AUT;5;2022;VR3UPHNSSPT001646
9;PEUGEOT;RIFTER;RIFTER BLUE HDI 130 1.5 AUT;5;2022;VR3ECYHZ3PJ513110
9;CHEVROLET;SAIL;SAIL 1.5;5;2022;LSGHD52H7ND131664
9;TOYOTA;YARIS;YARIS SEDAN OTTO 1.5;6;2022;MR2B29F37P1251653
9;CHEVROLET;TRACKER;TRACKER 1.2T;5;2022;9BGEN76C0PB134802
9;HYUNDAI;CRETA;CRETA SU2I 1.5 CVT PLUS;6;2022;MALPB812EPM341678
9;CHEVROLET;GROOVE;GROOVE 1.5;5;2022;LZWADAGA7PG003909
9;PEUGEOT;308;308 BLUEHDI 1.5 AUT;5;2022;VR3FBYHZTPY500504
9;FIAT;PULSE;PULSE DRIVE HB 1.3 AUT;6;2022;9BD363B16PYZ36170
9;CHEVROLET;TRACKER;TRACKER 1.2T;6;2022;9BGEA76C0PB122021
9;HYUNDAI;MIGHTY EX8;MIGHTY EX8;6;2022;KMFHA17SPPC071388
9;CHEVROLET;SAIL;SAIL 1.5;6;2022;LSGHD52H1ND130882
9;HYUNDAI;CRETA;CRETA SU2I 1.5 CVT PLUS;6;2022;MALPB812EPM341685
9;CHEVROLET;COLORADO;COLORADO 2.8TD Z71 AT 4WD P;6;2022;9BG148ZK0PC409069
9;TOYOTA;RAIZE;RAIZE 1.2 AUT;5;2022;MHKAB1BA4NJ014243
9;FORD;TRANSIT VAN;TRANSIT 460E 2.2L PUMA T/M EURO V;6;2022;WF0HXXTTGNTY31232
9;VOLKSWAGEN;GOL;GOL HB 1.6;5;2022;9BWAB45U3NT118959
9;FORD;NEW RANGER;RANGER RAPTOR 4X4 2.0 AUT;6;2022;MPBUR2367NX383536
9;TOYOTA;HILUX;NEW HILUX 4X4 2.8;5;2022;8AJKA3CD3P3101367
9;FORD;NEW RANGER;RANGER RAPTOR 4X4 2.0 AUT;6;2022;MPBUR2360NX383572
9;FORD;NEW RANGER;RANGER RAPTOR 4X4 2.0 AUT;6;2022;MPBUR2360NX394717
9;HYUNDAI;MIGHTY EX8;MIGHTY EX8;6;2022;KMFHA17SPPC069478
9;TOYOTA;RUSH;NEW RUSH XLI 1.5 AUT;5;2022;MHKE8FF20NK012363
9;HYUNDAI;GRAND I-10 AI3 HB 1.2;GRAND I-10 AI3 HB 1.2 MT VALUE;6;2022;MALB251CAPM322417
9;CHEVROLET;SAIL;SAIL 1.5;6;2022;LSGHD52H2ND141289
9;TOYOTA;COROLLA CROSS;COROLLA CROSS 2.0;5;2022;9BRK4AAG3N0055878
9;TOYOTA;RUSH;RUSH XEI 1.5;5;2022;MHKE8FE30NK003937
9;PEUGEOT;EXPERT;TRAVELLER L3 BLUE HDI 180 2.0 AUT;5;2022;VF3VEEHZ7CZ001586
9;TOYOTA;YARIS;NEW YARIS GLI 1.5;5;2022;MR2B29F39N1248105
9;RENAULT;EXPRESS;EXPRESS 1.5;5;2022;VF1RJK004PG189364
9;RENAULT;EXPRESS;EXPRESS 1.5;5;2022;VF1RJK008PG189383
9;HYUNDAI;CRETA;CRETA SU2I 1.5 CVT PLUS;6;2022;MALPB812EPM343022
9;CHEVROLET;ONIX;ONIX HB RS 1.0T;6;2022;9BGED48K0PG143463
9;FIAT;PULSE;PULSE IMPETUS TF200 1.0 AUT;6;2022;9BD363B32PYZ34808
9;FORD;TRANSIT VAN;TRANSIT;5;2022;WF0HXXTTGNTS73014
9;TOYOTA;RAV4;RAV4 4X4 OTTO 2.0;6;2022;JTMB43FVXPD036136
9;TOYOTA;RAV4;RAV4 OTTO 2.0;6;2022;JTMZ43FV4PD133136
9;CHEVROLET;COLORADO;COLORADO DCAB 4X4 2.8;6;2022;9BG148FK0PC404032
9;HYUNDAI;VENUE;VENUE QX 1.6;6;2022;KMHRC812APU195598
9;VOLKSWAGEN;GOL;GOL HB 1.6;5;2022;9BWAB45U8NT082511
9;HYUNDAI;GRAND I-10 Ai3 SEDAN ;GRAND I-10 AI3 SEDAN 1.2 MT PLUS;6;2022;MALB241CAPM128893
9;HYUNDAI;SOLATI;H350 5P 2.5;6;2022;KMFAB27RPNK025239
9;PEUGEOT;3008;3008 BLUE HDI 130 EAT8 1.5 AUT;5;2022;VF3MCYHZUPS003055
9;HYUNDAI;GRAND I-10 AI3 HB 1.2;GRAND I-10 AI3 HB 1.2 MT PLUS;6;2022;MALB251CAPM322453
9;HYUNDAI;HD 35;HD35 SWB 2P 2.5;6;2022;KMFVA17RPNC359516
9;CHEVROLET;COLORADO;COLORADO DCAB 4X4 2.8 AT;6;2022;9BG148PK0PC409066
9;FORD;TERRITORY;TERRITORY TITANIUM 1.5L GTDI 4X2 AT;6;2022;LJXCU2BB4NTF11958
9;FORD;TERRITORY;TERRITORY TREND 1.5L GTDI 4X2 AT;6;2022;LJXCU2BB3NTF16360
9;HYUNDAI;GRAND I-10 SEDAN;GRAND I10 SDN 1.2;6;2022;MALB241CAPM128418
9;VOLKSWAGEN;NIVUS;NIVUS TSI 1.0 AUT;5;2022;9BWCH6CH2NP037081
9;PEUGEOT;LANDTREK;LANDTREK 4X4 1.9;6;2022;VR3FDAHDLN3007707
9;TOYOTA;HILUX;HILUX DOBLE CABINA 2.4;5;2022;8AJCB3DDXP3911742
9;TOYOTA;YARIS;NEW YARIS GLI 1.5 AUT;5;2022;MR2B29F35N1249266
9;HYUNDAI;MIGHTY EX8;MIGTHY EX8 DLX EURO V;6;2022;KMFHA17SPPC069462
9;CHEVROLET;CAPTIVA;CAPTIVA 1.5 AUT;6;2022;LZWADAGA5PB009320
9;PEUGEOT;308;308 BLUEHDI 1.5 AUT;6;2022;VR3FBYHZTPY500698
9;PEUGEOT;308;308 BLUEHDI 1.5 AUT;6;2022;VR3FBYHZTPY500697
9;PEUGEOT;308;308 BLUEHDI 1.5 AUT;6;2022;VR3FBYHZTPY500696
9;VOLKSWAGEN;SAVEIRO;SAVEIRO CD 1.6;5;2022;9BWJL45U9NP048809
9;CHEVROLET;SAIL;SAIL 1.5;6;2022;LSGHD52H6ND130165
9;PEUGEOT;308;308 PURETECH 1.2 AUT;6;2022;VR3FPHNSTPY500627
9;TOYOTA;HILUX;HILUX DOBLE CABINA 2.4;5;2022;8AJJB3DDXP4237576
9;TOYOTA;RAIZE;RAIZE 1.2 AUT;5;2022;MHKAB1BA3NJ017344
9;TOYOTA;RAIZE;RAIZE 1.2 AUT;5;2022;MHKAB1BA1NJ017262
9;TOYOTA;RAV4;RAV 4 2.0;5;2022;JTMZ43FV1ND131373
9;TOYOTA;YARIS;YARIS SEDAN GLI 1.5;5;2022;MR2B29F32N1251069
9;CHEVROLET;COLORADO;COLORADO DCAB 4X4 2.8;6;2022;9BG148FK0PC404010
9;FIAT;PULSE;PULSE HB MT 1.3;6;2022;9BD363B14NYZ12827
9;FIAT;PULSE;PULSE HB MT 1.3;6;2022;9BD363B14PYZ23808
9;PEUGEOT;3008;3008 THP 165HP 1.6 AUT;5;2022;VF3M45GYWPS005800
9;TOYOTA;HILUX;HI LUX TM 4X4 2.8;6;2022;8AJBA3CD9P1727727
9;TOYOTA;HILUX;HI LUX TM 4X4 2.8;6;2022;8AJKA3CD0P3101052
9;PEUGEOT;2008;2008 PURETECH 130 1.2;5;2022;VR3USHNSKPJ511184
9;TOYOTA;HILUX;HI LUX TM 4X4 2.8;6;2022;8AJKA3CD2P3100968
9;TOYOTA;HILUX;HI LUX TM 4X4 2.8;6;2022;8AJKA3CD0P3101018
9;TOYOTA;HILUX;HI LUX TM 4X4 2.8;6;2022;8AJKA3CDXP3100782
9;TOYOTA;HILUX;HI LUX TM 4X4 2.8;6;2022;8AJKA3CD6P3100925
9;TOYOTA;HILUX;HI LUX TM 4X4 2.8;6;2022;8AJKA3CD6P3100990
9;TOYOTA;HILUX;HI LUX TM 4X4 2.8;6;2022;8AJKA3CD2P3100954
9;TOYOTA;HILUX;HI LUX TM 4X4 2.8;6;2022;8AJKA3CD1P3100850
9;TOYOTA;HILUX;HI LUX TM 4X4 2.8;6;2022;8AJKA3CD0P3100726
9;TOYOTA;HILUX;HI LUX TM 4X4 2.8;6;2022;8AJKA3CD0P3100757
9;TOYOTA;HILUX;HI LUX TM 4X4 2.8;6;2022;8AJKA3CD5P3100883
9;TOYOTA;HILUX;HI LUX TM 4X4 2.8;6;2022;8AJKA3CD3P3100798
9;PEUGEOT;208;208 PURETECH 75 1.2;6;2022;VR3UPHMGBPT000213
9;PEUGEOT;LANDTREK;LANDTREK 4X4 1.9;5;2022;VR3FDAHDLP3013163
9;CHEVROLET;SAIL;SAIL 1.5;6;2022;LSGHD52H0ND108288
9;TOYOTA;HILUX;HI LUX TM 4X4 2.8;6;2022;8AJKA3CD1P3100749
9;TOYOTA;HILUX;HI LUX TM 4X4 2.8;6;2022;8AJKA3CD6P3101296
9;PEUGEOT;LANDTREK;LANDTREK 4X4 1.9;5;2022;VR3FDAHDLN3007692
9;PEUGEOT;BOXER;BOXER HDI L2H2 2.0;6;2022;VF3YD3MFBP2V28484
9;HYUNDAI;NEW CRETA;CRETA SU2I CVT 1.5 AUT;6;2022;MALPB812EPM349936
9;HYUNDAI;NEW CRETA;CRETA SU2I CVT 1.5 AUT;6;2022;MALPB812EPM349952
9;TOYOTA;HILUX;HILUX SR 4X4 2.8;5;2022;8AJKA3CD0P3101097
9;PEUGEOT;301;301 HDI 92HP 1.6;5;2022;VF3DD9HP0PJ502106
9;RENAULT;OROCH;OROCH ZEN 1.6;6;2022;93Y9SR8P6PJ188426
9;RENAULT;OROCH;OROCH ZEN 1.6;6;2022;93Y9SR8P6PJ188428
9;RENAULT;OROCH;OROCH ZEN 1.6;6;2022;93Y9SR8P6PJ188429
9;PEUGEOT;208;208 PURETECH 130 EAT8 1.2 AUT;6;2022;VR3UPHNSSPT001223
9;TOYOTA;YARIS;YARIS HB 1.5 AUT;5;2022;MR2K29F31N1249216
9;HYUNDAI;NEW CRETA;CRETA SU2I CVT 1.5 AUT;5;2022;MALPB812EPM333508
9;TOYOTA;HILUX;HILUX DOBLE CABINA 2.4;6;2022;8AJJB3DD5P4237193
9;RENAULT;OROCH;OROCH ZEN 1.6;6;2022;93Y9SR8P6PJ188469
9;RENAULT;OROCH;OROCH ZEN 1.6;6;2022;93Y9SR8P6PJ188451
9;VOLKSWAGEN;VOYAGE;VOYAGE 1.6;6;2022;9BWDB45U6NT127460
9;FORD;TERRITORY;TERRITORY 1.5 AUT;6;2022;LJXCU2BB7NTF16183
9;PEUGEOT;RIFTER;RIFTER PURETECH 130 1.2 AUT;5;2022;VR3ERHNS3PJ508893
9;TOYOTA;RUSH;NEW RUSH XLI 1.5;5;2022;MHKE8FE20NK016255
9;CHEVROLET;ONIX;ONIX HB 4X2 1.0 AT;5;2022;9BGEY48K0PG133066
9;CHEVROLET;GROOVE;GROOVE 1.5;6;2022;LZWADAGA7PG003389
9;TOYOTA;LAND CRUISER;LAND CRUISER PRADO LTD 4X4 4.0 AUT;5;2022;JTEBU3FJ9PK227843
9;PEUGEOT;2008;2008 GT BLUEHDI 130 EAT8;6;2022;VR3UDYHZSTJ508371
9;HYUNDAI;GRAND I-10;GRAND I10 HB 1.2;5;2022;MALB251CAPM320172
9;HYUNDAI;GRAND I-10;GRAND I10 HB 1.2;5;2022;MALB251CAPM320176
9;HYUNDAI;GRAND I-10;GRAND I10 HB 1.2;5;2022;MALB251CAPM320179
9;HYUNDAI;GRAND I-10;GRAND I10 HB 1.2;5;2022;MALB251CAPM320180
9;HYUNDAI;GRAND I-10;GRAND I10 HB 1.2;5;2022;MALB251CAPM320181
9;HYUNDAI;GRAND I-10;GRAND I10 HB 1.2;5;2022;MALB251CAPM320184
9;VOLKSWAGEN;GOL;GOL HB 1.6;6;2022;9BWAB45U9NT117668
9;CHEVROLET;GROOVE;GROOVE 1.5;6;2022;LZWADAGAXPG003726
9;CHEVROLET;GROOVE;GROOVE 1.5;6;2022;LZWADAGA8PG002770
9;HYUNDAI;SOLATI;H350 SWB 2.5;6;2022;KMFAB17RPNK025714
9;FORD;BRONCO SPORT;BRONCO SPORT WILDTRAK 4X4 2.0 AUT;5;2022;3FMCR9E92NRD41255
9;VOLKSWAGEN;GOL;GOL HB 1.6;6;2022;9BWAB45U3NT121330
9;PEUGEOT;308;308 PURETECH 1.2 AUT;5;2022;VR3FPHNSTPY500191
9;HYUNDAI;SOLATI;H350 5P 2.5;5;2022;KMFAB27RPNK025251
9;PEUGEOT;301;301 HDI 92HP 1.6;2;2022;VF3DD9HP0PJ507775
9;PEUGEOT;308;308 BLUEHDI 1.5 AUT;6;2022;VR3FBYHZTPY500683
9;HYUNDAI;TUCSON NX4;TUCSON NX4 MPI 2.0;6;2022;KMHJB81DAPU150515
9;VOLKSWAGEN;DELIVERY;DELIVERY 9.170 4.600 MM MT6;6;2022;9535H5TB4PR019421
9;PEUGEOT;2008;2008 PURETECH 130 1.2;6;2022;VR3USHNSKPJ510744
9;HYUNDAI;SANTA FE TM;SANTA FE 2.5 AUT;6;2022;KMHS281KBPU439840
9;PEUGEOT;308;308 BLUEHDI 1.5 AUT;6;2022;VR3FBYHZTPY500701
9;PEUGEOT;308;308 BLUEHDI 1.5 AUT;6;2022;VR3FBYHZTPY500680
9;PEUGEOT;308;308 BLUEHDI 1.5 AUT;6;2022;VR3FBYHZTPY500679
9;PEUGEOT;308;308 BLUEHDI 1.5 AUT;6;2022;VR3FBYHZTPY500677
9;PEUGEOT;308;308 BLUEHDI 1.5 AUT;6;2022;VR3FBYHZTPY500678
9;FORD;NEW RANGER;RANGER XLS 4X4 3.2;5;2022;8AFAR23WXPJ292551
9;TOYOTA;RAV4;RAV4 OTTO 2.0;6;2022;JTMZ43FV7PD133082
9;CHEVROLET;GROOVE;GROOVE 1.5;6;2022;LZWADAGA9PG002759
9;CHEVROLET;TRACKER;TRACKER 1.2T AUT;6;2022;9BGEP76C0PB125049
9;FORD;TERRITORY;TERRITORY 1.5 AUT;6;2022;LJXCU2BB7NTF12196
9;VOLKSWAGEN;GOL;GOL HB 1.6;6;2022;9BWAB45U3NT121375
9;TOYOTA;RAIZE;RAIZE CVT 1.2 AUT;6;2022;MHKAB1BA6NJ017905
9;HYUNDAI;TUCSON NX4;TUCSON NX4 1.6T AT PLUS;6;2022;KMHJB81BGPU129230
9;HYUNDAI;ATOS AH2;ATOS AH2 HB 1.1;6;2022;MALAF51CANM184149
9;CHEVROLET;TRACKER;TRACKER 1.2T;6;2022;9BGEN76C0PB114014
9;CHEVROLET;TRACKER;TRACKER 1.2T;6;2022;9BGEA76C0PB135472
9;RENAULT;OROCH;OROCH 1.3 AUT;6;2022;93Y9SR8P6PJ188438
9;RENAULT;OROCH;OROCH 1.3 AUT;6;2022;93Y9SR5KSPJ188550
9;FORD;NEW RANGER;RANGER DCAB 4X4 3.2 AUT;6;2022;8AFAR23WXPJ286023
9;FORD;NEW RANGER;RANGER 4X2 2.5;6;2022;8AFAR22P5PJ288269
9;FORD;NEW RANGER;RANGER DCAB XLT 3.2;6;2022;8AFAR22W0PJ296965
9;CHEVROLET;TRACKER;TRACKER 1.2T AUT;6;2022;9BGEN76C0PB118355
9;CHEVROLET;TRACKER;TRACKER 1.2T;6;2022;9BGEN76C0NB190415
9;PEUGEOT;308;308 BLUEHDI 1.5 AUT;6;2022;VR3FBYHZTPY500372
9;TOYOTA;RAV4;NEW RAV 4 LE 4X4 2.0;5;2022;JTMB43FV1PD035683
9;PEUGEOT;EXPERT;TRAVELLER L3 BLUE HDI 180 2.0;6;2022;VF3VEEHTMPZ001945
9;PEUGEOT;208;208 PURETECH 75 1.2;6;2022;VR3UPHMGBPT000946
9;FORD;NEW RANGER;RANGER RAPTOR 2.0;6;2022;MPBUR2362NX381175
9;FORD;NEW RANGER;RANGER RAPTOR 2.0;6;2022;MPBUR2362NX379510
9;PEUGEOT;308;308 ALLURE PACK BLUEHDI 130 AT8;6;2022;VR3FBYHZCPY500449
9;HYUNDAI;ACCENT HCI;ACCENT HCI 1.4;6;2022;MALC741BAPM334017
9;CHEVROLET;SAIL;SAIL 1.5;6;2022;LSGHD52H6ND141571
9;CHEVROLET;SAIL;SAIL 1.5;6;2022;LSGHD52H4ND110111
9;CHEVROLET;SAIL;SAIL 1.5;6;2022;LSGHD52H7ND130241
9;CHEVROLET;SAIL;SAIL 1.5;6;2022;LSGHD54H6ND108714
9;CHEVROLET;CAPTIVA;CAPTIVA MT6 4X2 1.5;6;2022;LZWADAGA2PB010666
9;HYUNDAI;GRAND I-10;GRAND I10 HB 1.2;6;2022;MALB251CAPM320537
9;HYUNDAI;GRAND I-10;GRAND I10 HB 1.2;6;2022;MALB251CAPM320540
9;HYUNDAI;GRAND I-10;GRAND I10 HB 1.2;6;2022;MALB251CAPM320558
9;HYUNDAI;GRAND I-10;GRAND I10 HB 1.2;6;2022;MALB251CAPM323800
9;HYUNDAI;GRAND I-10;GRAND I10 HB 1.2;5;2022;MALB251CAPM320185
9;HYUNDAI;GRAND I-10;GRAND I10 HB 1.2;5;2022;MALB251CAPM320186
9;HYUNDAI;GRAND I-10;GRAND I10 HB 1.2;5;2022;MALB251CAPM320160
9;HYUNDAI;GRAND I-10;GRAND I10 HB 1.2;5;2022;MALB251CAPM320161
9;HYUNDAI;GRAND I-10;GRAND I10 HB 1.2;5;2022;MALB251CAPM320162
9;HYUNDAI;STARIA MB;STARIA US4 MB 2.2 CRDI MT 11P;6;2022;KMJYA371APU059599
9;HYUNDAI;GRAND I-10;GRAND I10 HB 1.2;5;2022;MALB251CAPM320523
9;HYUNDAI;GRAND I-10;GRAND I10 HB 1.2;5;2022;MALB251CAPM320153
9;HYUNDAI;GRAND I-10;GRAND I10 HB 1.2;5;2022;MALB251CAPM320152
9;HYUNDAI;GRAND I-10;GRAND I10 HB 1.2;5;2022;MALB251CAPM320154
9;HYUNDAI;GRAND I-10;GRAND I10 HB 1.2;5;2022;MALB251CAPM320155
9;TOYOTA;COROLLA;COROLLA SEDAN XEI 1.8 TA CVT;6;2022;9BRB43BE8P2116139
9;FORD;MUSTANG;MUSTANG MACH 1;7;2022;1FA6P8R08N5551722
9;HYUNDAI;PORTER;PORTER 2.5 CRDI 6M/T GL DC 2AB;7;2022;KMFZAY7KAPU968195
9;HYUNDAI;PORTER;PORTER 2.5 CRDI 6M/T GL DC 2AB;7;2022;KMFZAY7KAPU968197
9;TOYOTA;HILUX;HILUX 4X2 2.4;6;2022;8AJJB3DD3P4237127
9;FORD;TERRITORY;TERRITORY TREND 1.5L GTDI 4X2 AT;7;2022;LJXCU2BB8NTF12059
9;FORD;TERRITORY;TERRITORY TREND 1.5L GTDI 4X2 AT;7;2022;LJXCU2BB3NTF16018
9;FORD;TERRITORY;TERRITORY TREND 1.5L GTDI 4X2 AT;7;2022;LJXCU2BB4NTF15931
9;FORD;TERRITORY;TERRITORY TREND 1.5L GTDI 4X2 AT;7;2022;LJXCU2BB5NTF12228
9;HYUNDAI;ATOS AH2;ATOS AH2 1.1 MT PLUS;7;2022;MALAF51CANM186729
9;FORD;EDGE;NEW EDGE SEL 2.0 0L AWD;7;2022;2FMPK4J97NBA44219
9;FORD;TERRITORY;TERRITORY TREND 1.5L GTDI 4X2 AT;7;2022;LJXCU2BB3NTF15919
9;HYUNDAI;TUCSON NX4;TUCSON NX4 MPI 2.0;6;2022;KMHJB81DAPU162522
9;FORD;NEW RANGER;RANGER DCAB 4X4 3.2 AUT;6;2022;8AFAR23W8PJ288577
9;FORD;TERRITORY;TERRITORY 1.5 AUT;7;2022;LJXCU2BB2NTF16320
9;HYUNDAI;VENUE;VENUE QX 1.6 MT PLUS;7;2022;KMHRC812APU192180
9;TOYOTA;4RUNNER;4RUNNER 4X4 4.0 AUT;6;2022;JTEBU4JR4N6070277
9;TOYOTA;RAV4;RAV 4 4X4 2.0;6;2022;JTMB43FV6ND031884
9;HYUNDAI;STARIA MB;STARIA US4 MB 2.2 CRDI MT 11P;7;2022;KMJYA371ANU053449
9;CHEVROLET;TRACKER;TRACKER 1.2T;6;2022;9BGEN76C0PB124989
9;CHEVROLET;GROOVE;GROOVE 1.5;6;2022;LZWADAGA0PG003931
9;CHEVROLET;GROOVE;GROOVE 1.5;6;2022;LZWADAGAXPG004455
9;CHEVROLET;COLORADO;COLORADO 2.8 AUT;6;2022;9BG148MK0PC407702
9;CHEVROLET;COLORADO;COLORADO 2.8 AUT;6;2022;9BG148PK0PC407860
9;CHEVROLET;COLORADO;COLORADO 2.8 AUT;6;2022;9BG148FK0PC409148
9;VOLKSWAGEN;TAOS;TAOS TSI 1.4 AT;6;2022;8AWBJ6B21NA810478
9;VOLKSWAGEN;TAOS;TAOS TSI 1.4 AT;6;2022;8AWBJ6B23NA827301
9;HYUNDAI;PORTER;PORTER 2.5 CRDI 6M/T GL DC 2AB;7;2022;KMFZAY7KAPU968024
9;FORD;NEW RANGER;RANGER DCAB 4X4 3.2 AUT;7;2022;8AFAR23WXPJ286040
9;FORD;NEW RANGER;RANGER DCAB XLT 3.2;7;2022;8AFAR22W9PJ296964
9;HYUNDAI;ACCENT HCI;ACCENT HCI 1.4 MT PLUS;7;2022;MALC741BAPM333984
9;HYUNDAI;PORTER;PORTER 2.5 CRDI 6M/T GL DC 2AB;7;2022;KMFZAY7KAPU967865
9;TOYOTA;HILUX;NEW HILUX 4X2 2.4 MT SR;6;2022;8AJJB3DD5N4236932
9;HYUNDAI;CRETA;CRETA SU2I 1.5 CVT PLUS;7;2022;MALPB812EPM343018
9;FORD;BRONCO SPORT;BRONCO SPORT 1.5L BIG BEND;7;2022;3FMCR9B66NRD35789
9;HYUNDAI;VENUE;VENUE QX 1.6 MT VALUE;7;2022;KMHRC812APU191838
9;FORD;TERRITORY;TERRITORY TREND 1.5L GTDI 4X2 AT;7;2022;LJXCU2BB3NTF16374
9;FORD;TERRITORY;TERRITORY 1.5 AUT;7;2022;LJXCU2BB6NTF18331
9;FORD;TERRITORY;TERRITORY 1.5 AUT;7;2022;LJXCU2BB5NTF16179
9;FIAT;ARGO;ARGO HB 1.3;2;2022;9BD358A42PYL97487
9;CHEVROLET;GROOVE;GROOVE 1.5;7;2022;LZWADAGA0PG004075
9;TOYOTA;RUSH;RUSH 1.5 MT;6;2022;MHKE8FE30NK003909
9;HYUNDAI;ACCENT HCI;ACCENT HCI 1.6 AT VALUE;7;2022;MALC741CBNM334132
9;TOYOTA;RAV4;NEW RAV4 4X2 TM 2.0 LE;6;2022;JTMZ43FVXPD132699
9;TOYOTA;RAV4;NEW RAV4 4X2 TM 2.0 LE;6;2022;JTMZ43FV2ND128675
9;TOYOTA;RAIZE;RAIZE CVT 1.2 AUT;6;2022;MHKAB1BA6NJ014664
9;TOYOTA;HILUX;HILUX PICK UP 4X4 2P 2.4;6;2022;8AJDB8CB0N5513670
9;PEUGEOT;BOXER;BOXER HDI L2H2 2.0;7;2022;VF3YD3MFBP2V27635
9;HYUNDAI;ATOS AH2;ATOS AH2 1.1 MT PLUS;7;2022;MALAF51CANM186717
9;HYUNDAI;VENUE;VENUE QX 1.6;7;2022;KMHRC812APU192001
9;HYUNDAI;ATOS AH2;ATOS AH2 1.1 MT PLUS;7;2022;MALAF51CANM186832
9;HYUNDAI;ATOS AH2;ATOS AH2 1.1 MT PLUS;7;2022;MALAF51CANM186708
9;HYUNDAI;STARIA MB;STARIA US4 MB 2.2 CRDI MT 11P;7;2022;KMJYA371APU059214
9;FORD;BRONCO SPORT;BRONCO SPORT WILDTRAK 2.0L 4X4;7;2022;3FMCR9E99NRD58375
9;CHEVROLET;GROOVE;GROOVE 1.5;7;2022;LZWADAGA6PG002959
9;HYUNDAI;ATOS AH2;ATOS AH2 1.1 MT PLUS;7;2022;MALAF51CANM183914
9;HYUNDAI;ATOS AH2;ATOS AH2 1.1 MT PLUS;7;2022;MALAF51CANM186764
9;HYUNDAI;ATOS AH2;ATOS AH2 1.1 MT PLUS;7;2022;MALAF51CANM187409
9;PEUGEOT;308;308 BLUEHDI 1.5 AUT;6;2022;VR3FBYHZTPY500682
9;PEUGEOT;308;308 BLUEHDI 1.5 AUT;6;2022;VR3FBYHZTPY500681
9;HYUNDAI;NEW CRETA;CRETA SU2I 1.5 MT PLUS;7;2022;MALPB812APM317788
9;HYUNDAI;PORTER;PORTER 2.5 CRDI 6M/T GL DC 2AB;7;2022;KMFZAY7KAPU968032
9;FORD;TERRITORY;TERRITORY TREND 1.5L GTDI 4X2 AT;7;2022;LJXCU2BB5NTF16148
9;HYUNDAI;PORTER;PORTER 2.5 CRDI 6M/T GL DC 2AB;7;2022;KMFZAY7KAPU968035
9;FORD;NEW RANGER;RANGER RAPTOR 4X4 2.0 AUT;7;2022;MPBUR2360NX398248
9;FORD;NEW RANGER;RANGER RAPTOR 4X4 2.0 AUT;7;2022;MPBUR2365NX394664
9;HYUNDAI;NEW CRETA;CRETA SU2I 1.5 MT PLUS;7;2022;MALPB812APM332431
9;HYUNDAI;CRETA;CRETA SU2I 1.5 CVT PLUS;7;2022;MALPB812EPM341676
9;FORD;NEW RANGER;RANGER DCAB XLT 4X4 3.2;7;2022;8AFAR23W5PJ297897
9;FORD;EXPLORER;EXPLORER LIMITED 2.3L 4X4;7;2022;1FMSK8FH5NGA61823
9;FORD;NEW RANGER;RANGER ICA GAS LTD 4X2 2.5L;7;2022;8AFAR22P3PJ288271
9;HYUNDAI;CRETA;CRETA SU2I 1.5 CVT PLUS;7;2022;MALPB812EPM347978
9;HYUNDAI;CRETA;CRETA SU2I 1.5 CVT PLUS;7;2022;MALPB812EPM341028
9;CHEVROLET;ONIX;ONIX HB 1.0;6;2022;9BGED48K0PG134087
9;FORD;BRONCO SPORT;BRONCO SPORT 2.0L WILDTRAK;7;2022;3FMCR9E9XNRD36417
9;FORD;TERRITORY;TERRITORY 1.5 AUT;7;2022;LJXCU2BB3NTF16097
9;FORD;TERRITORY;TERRITORY 1.5 AUT;7;2022;LJXCU2BB6NTF12206
9;FORD;TERRITORY;TERRITORY 1.5 AUT;7;2022;LJXCU2BB2NTF12171
9;FORD;EDGE;EDGE SEL 2.0L AWD;7;2022;2FMPK4J98NBA32435
9;FORD;NEW RANGER;RANGER ICA DSL XLT 4X4 3.2L;7;2022;8AFAR23W0PJ292980
9;HYUNDAI;NEW CRETA;CRETA SU2I 1.5 MT PLUS;7;2022;MALPB812APM332425
9;FORD;TERRITORY;TERRITORY 1.5 AUT;7;2022;LJXCU2BB5NTF15971
9;CHEVROLET;GROOVE;GROOVE 1.5;6;2022;LZWADAGA7PG003795
9;CHEVROLET;ONIX;ONIX HB RS 1.0T;6;2022;9BGED48K0PG156913
9;FORD;NEW RANGER;RANGER RAPTOR 4X4 2.0 AUT;7;2022;MPBUR2360NX394619
9;CHEVROLET;N400 MAX;N400 MAX 1.5;7;2022;LZWCDAGAXPC800932
9;CHEVROLET;N400 MAX;N400 MAX 1.5;7;2022;LZWCDAGA0PC801975
9;FORD;TERRITORY;TERRITORY 1.5 AUT;7;2022;LJXCU2BB3NTF12762
9;PEUGEOT;308;308 PURETECH 1.2 AUT;7;2022;VR3FPHNSTPY500724
9;CHEVROLET;GROOVE;GROOVE 1.5;7;2022;LZWADAGA6PG004078
9;HYUNDAI;TUCSON NX4;TUCSON NX4 GDI 7DCT 1.6 AUT;7;2022;KMHJB81BGPU163840
9;HYUNDAI;TUCSON NX4;TUCSON NX4 2.0 MT PLUS;7;2022;KMHJB81DAPU162384
9;HYUNDAI;TUCSON NX4;TUCSON NX4 2.0 AUT;7;2022;KMHJB81DDPU162178
9;TOYOTA;YARIS;NEW YARIS SEDAN GLI E CVT 1.5L;7;2022;MR2B29F3XN1249294
9;TOYOTA;YARIS;NEW YARIS SEDAN GLI E CVT 1.5L;7;2022;MR2B29F36N1248059
9;HYUNDAI;GRAND I-10;GRAND I10 HB 1.2;7;2022;MALB251CAPM321614
9;HYUNDAI;GRAND I-10;GRAND I10 1.2;7;2022;MALB251CAPM321097
9;HYUNDAI;ATOS AH2;ATOS AH2 1.1 MT PLUS;7;2022;MALAF51CANM186757
9;HYUNDAI;ATOS AH2;ATOS AH2 1.1 MT PLUS;7;2022;MALAF51CANM187401
9;HYUNDAI;CRETA;CRETA SU2I 1.5 CVT PLUS;7;2022;MALPB812EPM349934
9;HYUNDAI;GRAND I-10 SEDAN;GRAND I10 SDN 1.2;7;2022;MALB241CAPM117225
9;HYUNDAI;ACCENT HCI;ACCENT HCI 1.4;7;2022;MALC741BAPM334020
9;HYUNDAI;I20 BI3;I20 BI3 1.4;7;2022;MALBG513APM149144
9;TOYOTA;COROLLA CROSS;COROLLA CROSS CVT 2.0 AUT;7;2022;9BRK4AAG2P0061092
9;HYUNDAI;ACCENT HCI;ACCENT HCI 1.4 MT PLUS;7;2022;MALC741BAPM334178
9;PEUGEOT;3008;3008 THP 165HP 1.6 AUT;7;2022;VF3M45GYWPS005805
9;PEUGEOT;3008;3008 BLUE HDI 130 1.5;7;2022;VF3MCYHZMPS005523
9;PEUGEOT;3008;3008 PURETECH 1.2L;7;2022;VF3MRHNSMPS004241
9;HYUNDAI;ACCENT HCI;ACCENT HCI 1.4;7;2022;MALC741BAPM334190
9;TOYOTA;RAV4;RAV4 OTTO 2.0 AUT;7;2022;JTMZ43FV6PD132697
9;HYUNDAI;ATOS AH2;ATOS AH2 HB 1.1;7;2022;MALAF51CANM184111
9;CHEVROLET;TRACKER;TRACKER 1.2T;7;2022;9BGEN76C0PB123224
9;RENAULT;OROCH;OROCH MT 1.6;7;2022;93Y9SR8P6PJ188467
9;HYUNDAI;STARIA MB;STARIA US4 CRDI 4X4 2.2 AUT;7;2022;KMHYF811DNU046835
9;CHEVROLET;TRACKER;TRACKER 1.2T AUT;6;2022;9BGEP76C0PB136493
9;CHEVROLET;CAPTIVA;CAPTIVA 1.5 AT;6;2022;LZWADAGAXPB012004
9;CHEVROLET;TRAILBLAZER;TRAILBLAZER 4X4 2.8 AUT;6;2022;9BG156YK0PC403195
9;HYUNDAI;ATOS AH2;ATOS AH2 HB 1.1;7;2022;MALAF51CANM187494
9;FORD;BRONCO SPORT;BRONCO SPORT WILDTRAK 4X4 2.0 AUT;7;2022;3FMCR9E90NRD58247
9;HYUNDAI;GRAND I-10;GRAND I10 HB 1.2;7;2022;MALB251CAPM321621
9;PEUGEOT;5008;5008 THP 165 1.6 AUT;7;2022;VF3M45GYWPS004530
9;VOLKSWAGEN;CONSTELLATION;CONSTELLATION 31.330;7;2022;9536Y8268PR016712
9;VOLKSWAGEN;CONSTELLATION;CONSTELLATION 31.330;7;2022;9536Y8265PR016523
9;TOYOTA;HILUX;HILUX DOBLE CABINA 2.4;7;2022;8AJJB3DD5P4237095
9;CHEVROLET;ONIX;ONIX HB PREMIER 1.0 AUT;7;2022;9BGEY48K0PG137219
9;CHEVROLET;ONIX;ONIX HB RS 1.0T;7;2022;9BGEN48K0PG137418
9;CHEVROLET;GROOVE;GROOVE 1.5;7;2022;LZWADAGA6PG003867
9;CHEVROLET;CAPTIVA;CAPTIVA MT6 1.5;6;2022;LZWADAGA1PB000520
9;CHEVROLET;COLORADO;COLORADO DCAB 4X4 2.8 AT;7;2022;9BG148MK0PC408649
9;PEUGEOT;208;208 PURETECH 75 1.2;6;2022;VR3UPHMGBPT000945
9;CHEVROLET;ONIX;ONIX HB RS 1.0T;6;2022;9BGED48K0PG147237
9;VOLKSWAGEN;AMAROK;AMAROK DCAB TDI 2.0 AUT;7;2022;WV1ZZZ2HZNA026583
9;RENAULT;KWID;KWID 1.0;7;2022;93YRBB004PJ099343
9;FIAT;PULSE;PULSE HB MT 1.3;7;2022;9BD363B14NYZ12826
9;CHEVROLET;TRACKER;TRACKER 1.2T AUT;7;2022;9BGEP76C0PB117173
9;FORD;EDGE;EDGE 4X4 2.7 AUT;7;2022;2FMPK4AP2NBA50945
9;CHEVROLET;SAIL;SAIL 1.5;7;2022;LSGHD52H1ND130798
9;HYUNDAI;NEW CRETA;CRETA SU2I 1.5 MT PLUS;7;2022;MALPB812APM317803
9;FORD;EXPLORER;EXPLORER 4X4 2.3 AUT;7;2022;1FMSK8FH4NGB21543
9;CHEVROLET;SAIL;SAIL 1.5;7;2022;LSGHD52H5ND129363
9;CHEVROLET;SAIL;SAIL 1.5;7;2022;LSGHD54HXND105279
9;HYUNDAI;NEW CRETA;CRETA SU2I 1.5 MT PLUS;7;2022;MALPB812APM332944
9;HYUNDAI;NEW CRETA;CRETA SU2I 1.5 MT VALUE;7;2022;MALPB812APM332409
9;HYUNDAI;NEW CRETA;CRETA SU2I 1.5 MT VALUE;7;2022;MALPB812APM332405
9;HYUNDAI;NEW CRETA;CRETA SU2I 1.5 MT PLUS;7;2022;MALPB812APM332943
9;CHEVROLET;TRACKER;TRACKER 1.2T;7;2022;9BGEN76C0PB123180
9;VOLKSWAGEN;CONSTELLATION;CONSTELLATION 17.230;7;2022;9536G8244PR010696
9;FIAT;PULSE;PULSE HB MT 1.3;7;2022;9BD363B14PYZ36803
9;PEUGEOT;308;308 PURETECH 1.2 AUT;7;2022;VR3FPHNSTPY500494
9;HYUNDAI;NEW CRETA;CRETA SU2I 1.5 MT PLUS;7;2022;MALPB812APM333565
9;HYUNDAI;SANTA FE TM FL;SANTA FE TM 2.5 AT PLUS FL;8;2022;KMHS281KBPU437999
9;HYUNDAI;I20 BI3;I20 BI3 1.4 MT PLUS;8;2022;MALBG513APM149149
9;HYUNDAI;NEW CRETA;CRETA SU2I 1.5;7;2022;MALPB812APM332393
9;VOLKSWAGEN;VOYAGE;VOYAGE 1.6;8;2022;9BWDB45U9NT119014
9;VOLKSWAGEN;SAVEIRO;SAVEIRO CD 1.6;8;2022;9BWJL45U2PP004427
9;PEUGEOT;301;301 HDI 92HP 1.6;7;2022;VF3DD9HP0PJ504107
9;VOLKSWAGEN;SAVEIRO;SAVEIRO CD 1.6;8;2022;9BWJL45U0PP005219
9;VOLKSWAGEN;SAVEIRO;SAVEIRO CD 1.6;8;2022;9BWJL45U3PP001181
9;VOLKSWAGEN;SAVEIRO;SAVEIRO CD 1.6;8;2022;9BWJL45U2PP000765
9;VOLKSWAGEN;SAVEIRO;SAVEIRO CD 1.6;8;2022;9BWJL45U3PP001102
9;PEUGEOT;2008;2008 PURETECH 130 1.2;7;2022;VR3USHNSKPJ510747
9;HYUNDAI;GRAND I-10 Ai3 SEDAN ;GRAND I-10 AI3 SEDAN 1.2 MT VALUE;8;2022;MALB241CAPM119648
9;HYUNDAI;GRAND I-10 AI3 HB 1.2;GRAND I-10 AI3 HB 1.2 MT VALUE;8;2022;MALB251CAPM322421
9;HYUNDAI;GRAND I-10 AI3 HB 1.2;GRAND I-10 AI3 HB 1.2 MT PLUS;7;2022;MALB251CAPM324156
9;PEUGEOT;301;301 HDI 92HP 1.6;7;2022;VF3DD9HP0PJ509449
9;FORD;EDGE;EDGE SEL 2.0L AWD;8;2022;2FMPK4J97NBA33284
9;HYUNDAI;I20 BI3;I20 BI3 1.4 MT PLUS;8;2022;MALBG513APM148735
9;HYUNDAI;GRAND I-10 AI3 HB 1.2;GRAND I-10 AI3 HB 1.2 AT VALUE;8;2022;MALB351CBPM324853
9;TOYOTA;YARIS;NEW YARIS SEDAN GLI E MT 1.5L;7;2022;MR2B29F35N1249011
9;TOYOTA;RAIZE;NEW RAIZE 1.2 E CVT;7;2022;MHKAB1BA1NJ015513
9;TOYOTA;RAIZE;NEW RAIZE 1.2 E MT;7;2022;MHKAB1BA1NJ015494
9;TOYOTA;RAIZE;NEW RAIZE 1.2 E MT;7;2022;MHKAB1BA4NJ014680
9;TOYOTA;RAIZE;NEW RAIZE 1.2 I MT;7;2022;MHKAB1BA1NJ017102
9;FORD;TERRITORY;NEW TERRITORY TITANIUM 1.5L GTDI AT;7;2022;LJXCU2BB6NTF12769
9;HYUNDAI;MIGHTY EX8;MIGHTY EX8 DLX;7;2022;KMFHA17SPPC069474
9;HYUNDAI;GRAND I-10 AI3 HB 1.2;GRAND I-10 AI3 HB 1.2 MT PLUS;7;2022;MALB251CAPM322467
9;HYUNDAI;TUCSON NX4;TUCSON NX4 GDI 7DCT 1.6 AUT;7;2022;KMHJB81BGPU164589
9;PEUGEOT;2008;2008 BLUE HDI 130 EAT8 1.5 AUT;7;2022;VR3UDYHZSPJ510873
9;PEUGEOT;LANDTREK;LANDTREK 4X4 1.9;7;2022;VR3FDAHDLN3007710
9;TOYOTA;RAIZE;NEW RAIZE 1.2 E CVT;7;2022;MHKAB1BA1NJ017696
9;PEUGEOT;2008;2008 GT BUEHDI 130 EAT8;7;2022;VR3UDYHZSPJ510882
9;TOYOTA;RAV4;RAV4 OTTO 2.0;8;2022;JTMZ43FV0PD133165
9;TOYOTA;HILUX;HILUX DOBLE CABINA 2.4;8;2022;8AJCB3DD2P3911895
9;HYUNDAI;GRAND I-10 Ai3 SEDAN ;GRAND I-10 AI3 SEDAN 1.2 MT VALUE;8;2022;MALB241CAPM129868
9;FORD;NEW RANGER;RANGER ICA DSL XLT 4X4 3.2L;8;2022;8AFAR23W6PJ297732
9;CHEVROLET;CAPTIVA;CAPTIVA MT6 4X2 1.5;7;2022;LZWADAGA9PB010065
9;TOYOTA;YARIS;NEW YARIS SEDAN GLI E CVT 1.5L;7;2022;MR2B29F32N1248897
9;TOYOTA;RAV4;NEW RAV4 LE 2.0 4X2 MT;7;2022;JTMZ43FV1ND129767
9;TOYOTA;YARIS;YARIS SEDAN OTTO 1.5;8;2022;MR2B29F36N1251057
9;TOYOTA;RAIZE;RAIZE CVT 1.2 AUT;8;2022;MHKAB1BA8NJ016061
9;FORD;NEW RANGER;RANGER XLT 4X4 3.2L AT FX4;8;2022;8AFAR23W2PJ298005
9;HYUNDAI;HD 35;HD 35 CHC STD EURO V 4X2;8;2022;KMFVA17RPNC360142
9;FORD;TERRITORY;TERRITORY TITANIUM 1.5L GTDI 4X2 AT;8;2022;LJXCU2BB1NTF12775
9;HYUNDAI;GRAND I-10 Ai3 SEDAN ;GRAND I-10 AI3 SEDAN 1.2 MT PLUS;8;2022;MALB241CAPM131239
9;HYUNDAI;CRETA;CRETA SU2I 1.5 CVT PLUS;8;2022;MALPB812EPM342312
9;HYUNDAI;NEW CRETA;CRETA SU2I 1.5 MT PLUS;8;2022;MALPB812APM333576
9;TOYOTA;RAIZE;RAIZE CVT 1.2 AUT;8;2022;MHKAB1BA9NJ017803
9;FORD;TERRITORY;NEW TERRITORY TITANIUM 1.5L GTDI AT;7;2022;LJXCU2BB5NTF12634
9;TOYOTA;RAIZE;RAIZE CVT 1.2 AUT;8;2022;MHKAB1BA2NJ016606
9;HYUNDAI;VENUE;VENUE QX 1.6 AT VALUE;8;2022;KMHRC812BPU197131
9;VOLKSWAGEN;NIVUS;NIVUS TSI 1.0 AUT;7;2022;9BWCH6CHXNP034722
9;HYUNDAI;GRAND I-10 Ai3 SEDAN ;GRAND I-10 AI3 SEDAN 1.2 MT VALUE;8;2022;MALB241CAPM129876
9;CHEVROLET;SAIL;SAIL 1.5;6;2022;LSGHD52HXND111425
9;RENAULT;KWID;KWID HB 1.0;6;2022;93YRBB001PJ099557
9;CHEVROLET;GROOVE;GROOVE 1.5;6;2022;LZWADAGA0PG002827
9;FIAT;PULSE;PULSE DRIVE HB 1.3 AUT;6;2022;9BD363B16PYZ45600
9;CHEVROLET;SAIL;SAIL 1.5;6;2022;LSGHD52H7ND110183
9;TOYOTA;COROLLA;NEW COROLLA SD XLI 1.6L 6MT;7;2022;9BRBE3BE1N4001607
9;TOYOTA;RAV4;RAV4 OTTO 2.0;8;2022;JTMZ43FV4PD133184
9;FORD;TERRITORY;NEW TERRITORY TREND 1.5L GTDI AT;7;2022;LJXCU2BB6NTF12111
9;TOYOTA;RAIZE;RAIZE CVT 1.2 AUT;8;2022;MHKAB1BA1NJ015236
9;TOYOTA;HILUX;HILUX DOBLE CABINA 2.4;8;2022;8AJCB3DD8P3911657
9;HYUNDAI;NEW CRETA;CRETA SU2I 1.5 CVT VALUE;8;2022;MALPB812EPM333514
9;HYUNDAI;GRAND I-10 Ai3 SEDAN ;GRAND I-10 AI3 SEDAN 1.2 MT VALUE;8;2022;MALB241CAPM128446
9;FORD;TERRITORY;NEW TERRITORY TITANIUM 1.5L GTDI AT;7;2022;LJXCU2BB6NTF12657
9;TOYOTA;RAV4;RAV4 OTTO 2.0 AUT;8;2022;JTMW43FV8PD134017
9;TOYOTA;RAIZE;RAIZE CVT 1.2 AUT;8;2022;MHKAB1BA6NJ017046
9;HYUNDAI;NEW CRETA;CRETA SU2I 1.5 MT PLUS;8;2022;MALPB812APM332428
9;TOYOTA;HILUX;HILUX PICKUP 4P 4X4 2.4;8;2022;8AJKB3CD5P1645281
9;CHEVROLET;NPR;NPR 715 AC EURO V Y SIN UREA;8;2022;JAANPR75KP7100956
9;FORD;NEW RANGER;RANGER ICA DSL XLT 4X4 3.2L AT;8;2022;8AFAR23W1PJ297945
9;FORD;NEW RANGER;RANGER ICA DSL XLT 4X2 3.2L;8;2022;8AFAR22W4PJ296970
9;CHEVROLET;FTR;FTR1524AMT ABS AC EURO V SIN UREA;8;2022;JALFTR34PP7000055
9;CHEVROLET;TRACKER;TRACKER 1.2T;7;2022;9BGEA76C0PB137275
9;FIAT;PULSE;PULSE HB MT 1.3;7;2022;9BD363B14PYZ16856
9;PEUGEOT;RIFTER;RIFTER BLUE HDI 130 1.5 AUT;7;2022;VR3ECYHZ3PJ514629
9;CHEVROLET;TRACKER;TRACKER 1.2T AUT;7;2022;9BGEP76C0PB118086
9;CHEVROLET;SAIL;SAIL 1.5;8;2022;LSGHD52H1ND131398
9;FIAT;PULSE;PULSE IMPETUS TF200 1.0 AUT;8;2022;9BD363B32PYZ35202
9;CHEVROLET;NPR;NPR 816 DC VL20;8;2022;JAANPR75KP7100705
9;CHEVROLET;CAPTIVA;CAPTIVA 1.5 AUT;8;2022;LZWADAGA8PB007772
9;TOYOTA;RAV4;RAV4 OTTO 2.0 AUT;8;2022;JTMZ43FV8PD132961
9;TOYOTA;RAV4;RAV4 OTTO 2.0 AUT;8;2022;JTMZ43FV2PD132809
9;CHEVROLET;SAIL;SAIL 1.5;8;2022;LSGHD52H4ND132318
9;HYUNDAI;I20 BI3;I20 BI3 1.4 MT PLUS;8;2022;MALBG513APM149161
9;CHEVROLET;ONIX;ONIX HB 4X2 1.0 AT;7;2022;9BGEY48K0PG155302
9;CHEVROLET;TRACKER;TRACKER 1.2T;8;2022;9BGEA76C0PB150136
9;CHEVROLET;CAPTIVA;CAPTIVA 1.5 AUT;8;2022;LZWADAGA3PB009316
9;CHEVROLET;N400 MAX;N400 MAX 1.5;8;2022;LZWCDAGAXPC801238
9;HYUNDAI;STARIA MB;STARIA US4 MB 2.2 CRDI MT 11P;8;2022;KMJYA371APU063838
9;CHEVROLET;TRACKER;TRACKER 1.2T AUT;8;2022;9BGEP76C0PB134928
9;TOYOTA;FORTUNER;FORTUNER SRV 2.7 AUT;8;2022;8AJCX3GS0P0130919
9;VOLKSWAGEN;CONSTELLATION;CONSTELLATION 17.280 DC 4800MM MT9;8;2022;95365824XPR024592
9;TOYOTA;RAV4;NEW RAV4 LE 2.0 4X4 MT;7;2022;JTMB43FV7PD035994
9;HYUNDAI;TUCSON NX4;TUCSON NX4 2.0 MT PLUS;8;2022;KMHJB81DAPU162387
9;HYUNDAI;TUCSON NX4;TUCSON NX4 1.6T AT PLUS;8;2022;KMHJB81BGPU164981
9;HYUNDAI;TUCSON NX4;TUCSON NX4 1.6T AT PLUS;8;2022;KMHJB81BGPU164566
9;FORD;TERRITORY;TERRITORY TITANIUM 1.5L GTDI 4X2 AT;8;2022;LJXCU2BB7NTF18306
9;PEUGEOT;RIFTER;RIFTER PURETECH 130 1.2 AUT;7;2022;VR3ERHNS3PJ508894
9;VOLKSWAGEN;GOL;GOL HB 1.6;7;2022;9BWAB45U5NT122091
9;VOLKSWAGEN;T-CROSS;T CROSS TSI 1.0;7;2022;9BWBH6BF5N4066863
9;TOYOTA;LAND CRUISER;LAND CRUISER PRADO 4X4 4.0 AT;8;2022;JTEBU3FJ5PK227001
9;VOLKSWAGEN;NIVUS;NIVUS TSI 1.0;8;2022;9BWCH6CH5NP036913
9;FORD;TERRITORY;TERRITORY TREND 1.5L GTDI 4X2 AT;8;2022;LJXCU2BB3NTF16407
9;HYUNDAI;GRAND I-10 AI3 HB 1.2;GRAND I-10 AI3 HB 1.2 MT PLUS;8;2022;MALB251CAPM320522
9;FORD;TERRITORY;TERRITORY TITANIUM 1.5L GTDI 4X2 AT;8;2022;LJXCU2BBXNTF18543
9;PEUGEOT;3008;3008 BLUE HDI 130 EAT8 1.5 AUT;8;2022;VF3MCYHZUPS005978
9;TOYOTA;RAV4;RAV4 4X4 OTTO 2.0;8;2022;JTMB43FV3PD035720
9;TOYOTA;RAV4;RAV4 4X4 OTTO 2.5 AT;8;2022;JTMJ13FV9PD090810
9;TOYOTA;RAIZE;RAIZE 4X2 1.2;8;2022;MHKAB1BA1NJ017066
9;PEUGEOT;2008;E 2008 ELECTRIC AUT;8;2022;VR3UKZKXZPJ508398
9;TOYOTA;RUSH;RUSH 1.5 MT;8;2022;MHKE8FE30NK003914
9;TOYOTA;COROLLA;COROLLA SD 2.0;8;2022;9BRB43BE5N2114037
9;TOYOTA;HILUX;HILUX PICKUP 4P 4X4 2.4;8;2022;8AJKB3CD0P1644880
9;HYUNDAI;VENUE;VENUE QX 1.6 MT VALUE;8;2022;KMHRC812APU195652
9;HYUNDAI;ATOS AH2;ATOS AH2 1.1 MT PLUS;8;2022;MALAF51CANM187392
9;TOYOTA;RAIZE;NEW RAIZE 1.2 E CVT;7;2022;MHKAB1BA5NJ016163
9;FORD;TERRITORY;NEW TERRITORY TITANIUM 1.5L GTDI AT;7;2022;LJXCU2BB7NTF12831
9;FORD;TERRITORY;NEW TERRITORY TREND 1.5L GTDI AT;7;2022;LJXCU2BB7NTF16412
9;HYUNDAI;GRAND I-10 Ai3 SEDAN ;GRAND I-10 AI3 SEDAN 1.2 MT PLUS;8;2022;MALB241CAPM131211
9;FORD;NEW RANGER;RANGER ICA DSL XL 4X4 2.2L;8;2022;8AFAR23K5PJ297220
9;FORD;TERRITORY;TERRITORY TREND 1.5L GTDI 4X2 AT;8;2022;LJXCU2BB5NTF12276
9;HYUNDAI;SOLATI;H350 SOLATI MINIBUS A/C EURO V;7;2022;KMFAB27RPNK025824
9;CHEVROLET;SAIL;SAIL 1.5;8;2022;LSGHD52H7ND105145
9;HYUNDAI;GRAND I-10 AI3 HB 1.2;GRAND I-10 AI3 HB 1.2 MT VALUE;7;2022;MALB251CAPM322414
9;HYUNDAI;GRAND I-10 Ai3 SEDAN ;GRAND I-10 AI3 SEDAN 1.2 MT PLUS;7;2022;MALB241CAPM128415
9;HYUNDAI;CRETA;CRETA SU2I 1.5 CVT PLUS;7;2022;MALPB812EPM348010
9;HYUNDAI;PORTER;PORTE 2.5 CRDI 6M/T GL DC 2AB;7;2022;KMFZAY7KAPU967187
9;HYUNDAI;PORTER;PORTER 2.5 CRDI 6M/T GL DC 2AB;7;2022;KMFZAY7KAPU968029
9;CHEVROLET;SAIL;SAIL 1.5;8;2022;LSGHD52H2ND141471
9;CHEVROLET;TRAVERSE;NG TRAVERSE AWD 3.6 AUT;8;2022;1GNEV9KW4NJ162283
9;HYUNDAI;NEW CRETA;CRETA SU2I 1.5 MT VALUE;7;2022;MALPB812APM332415
9;HYUNDAI;GRAND I-10 AI3 HB 1.2;GRAND I-10 AI3 HB 1.2 MT VALUE;7;2022;MALB251CAPM321601
9;TOYOTA;YARIS;NEW YARIS SEDAN GLI E CVT 1.5L;7;2022;MR2B29F31N1250673
9;HYUNDAI;GRAND I-10 AI3 HB 1.2;GRAND I-10 AI3 HB 1.2 MT VALUE;7;2022;MALB251CAPM322425
9;HYUNDAI;GRAND I-10 AI3 HB 1.2;GRAND I-10 AI3 HB 1.2 MT PLUS;7;2022;MALB251CAPM324177
9;TOYOTA;COROLLA;COROLLA SD 2.0;7;2022;9BRB43BE3N2113825
9;CHEVROLET;SAIL;SAIL 1.5;8;2022;LSGHD52H9ND131942
9;CHEVROLET;SAIL;SAIL 1.5;8;2022;LSGHD52H5ND111610
9;HYUNDAI;CRETA;CRETA SU2I 1.5 CVT PLUS;8;2022;MALPB812EPM342326
9;HYUNDAI;GRAND I-10 AI3 HB 1.2;GRAND I-10 AI3 HB 1.2 MT PLUS;8;2022;MALB251CAPM324174
9;HYUNDAI;GRAND I-10 AI3 HB 1.2;GRAND I-10 AI3 HB 1.2 MT PLUS;8;2022;MALB251CAPM324155
9;VOLKSWAGEN;VOYAGE;VOYAGE 1.6;9;2022;9BWDB45U3NT127481
9;VOLKSWAGEN;GOL;GOL HB 1.6;9;2022;9BWAB45U2NT123358
9;VOLKSWAGEN;GOL;GOL HB 1.6;8;2022;9BWAB45U6NT118180
9;HYUNDAI;ACCENT HCI;ACCENT HCI 1.6 AT VALUE;8;2022;MALC741CBNM334125
9;HYUNDAI;ACCENT HCI;ACCENT HCI 1.4 MT PLUS;8;2022;MALC741BAPM334195
9;CHEVROLET;GROOVE;GROOVE 1.5;9;2022;LZWADAGA3PG003809
9;HYUNDAI;GRAND I-10 AI3 HB 1.2;GRAND I-10 AI3 HB 1.2 MT VALUE;8;2022;MALB251CAPM322427
9;HYUNDAI;GRAND I-10 Ai3 SEDAN ;GRAND I-10 AI3 SEDAN 1.2 MT PLUS;7;2022;MALB241CAPM129047
9;TOYOTA;COROLLA CROSS;COROLLA CROSS CVT 2.0 AUT;8;2022;9BRK4AAG3P0061439
9;TOYOTA;RAIZE;RAIZE 4X2 1.2;8;2022;MHKAB1BA8NJ017212
9;PEUGEOT;2008;E 2008 ELECTRIC AUT;8;2022;VR3UKZKXZPJ510655
9;VOLKSWAGEN;CONSTELLATION;CONSTELLATION 17.280 DC;9;2022;953658241PR021337
9;VOLKSWAGEN;CONSTELLATION;CONSTELLATION 17.280 DC;9;2022;953658249PR021523
9;VOLKSWAGEN;CONSTELLATION;CONSTELLATION 17.280 DC;9;2022;953658240PR021619
9;VOLKSWAGEN;CONSTELLATION;CONSTELLATION 17.280 DC;9;2022;953658245PR013810
9;VOLKSWAGEN;CONSTELLATION;CONSTELLATION 17.280 DC;9;2022;953658244PR013779
9;TOYOTA;HILUX;HILUX DOBLE CABINA 2.4;9;2022;8AJJB3DD7P4237177
9;TOYOTA;HILUX;HILUX DOBLE CABINA 2.4;9;2022;8AJJB3DD4P4237508
9;TOYOTA;HILUX;HILUX DOBLE CABINA 2.4;9;2022;8AJJB3DD6P4237199
9;TOYOTA;HILUX;HILUX DOBLE CABINA 2.4;9;2022;8AJJB3DDXP4237111
9;FIAT;PULSE;PULSE HB MT 1.3;9;2022;9BD363B14PYZ33998
9;HYUNDAI;ACCENT HCI;ACCENT HCI 1.4 MT PLUS;8;2022;MALC741BAPM333983
9;FORD;TRANSIT VAN;TRANSIT 460E 2.2L PUMA T/M EURO V;8;2022;WF0HXXTTGNTT11917
9;TOYOTA;YARIS;NEW YARIS SPORT 1.5 MT;7;2022;MR2K29F38N1248659
9;FORD;TERRITORY;TERRITORY TITANIUM 1.5L GTDI 4X2 AT;8;2022;LJXCU2BB1NTF12162
9;CHEVROLET;CAPTIVA;CAPTIVA MT6 4X2 1.5;8;2022;LZWADAGA9PB010678
9;CHEVROLET;NPR;NPR715 AC EURO V SIN UREA;9;2022;JAANPR75KP7100412
9;FIAT;PULSE;PULSE DRIVE HB 1.3 AUT;9;2022;9BD363B16PYZ43472
9;FORD;NEW RANGER;RANGER RAPTOR 4X4 2.0 AUT;9;2022;MPBUR2367NX378479
9;CHEVROLET;GROOVE;GROOVE 1.5;9;2022;LZWADAGA8PG003448
9;VOLKSWAGEN;VOYAGE;VOYAGE 1.6;9;2022;9BWDB45U1NT127656
9;VOLKSWAGEN;VOYAGE;VOYAGE 1.6;9;2022;9BWDB45U1NT127432
9;VOLKSWAGEN;VOYAGE;VOYAGE 1.6;9;2022;9BWDB45U2NT127410
9;VOLKSWAGEN;VOYAGE;VOYAGE 1.6;9;2022;9BWDB45U2NT128315
9;VOLKSWAGEN;VOYAGE;VOYAGE 1.6;9;2022;9BWDB45U0NT127406
9;VOLKSWAGEN;VOYAGE;VOYAGE 1.6;9;2022;9BWDB45U2NT127424
9;VOLKSWAGEN;VOYAGE;VOYAGE 1.6;9;2022;9BWDB45U0NT116275
9;FORD;TRANSIT VAN;TRANSIT 460E 2.2L PUMA T/M EURO V;8;2022;WF0HXXTTGNTS70344
9;CHEVROLET;COLORADO;COLORADO DOBLE CABINA 4X4 2.8 AUT;8;2022;9BG148ZK0PC407870
9;CHEVROLET;FVR;FVR 1724;8;2022;JALFV34PN7000134
9;CHEVROLET;GROOVE;GROOVE 1.5;8;2022;LZWADAGA9PG003703
9;CHEVROLET;N400 MAX;N400 MAX 1.5;8;2022;LZWCDAGA0PC800910
9;FORD;EXPLORER;EXPLORER 2.3L 4X2 LIMITED;9;2022;1FMSK7FH7NGA61087
9;HYUNDAI;I20 BI3;I20 BI3 1.4 MT PLUS;7;2022;MALBG513APM149139
9;TOYOTA;HILUX;HILUX PICKUP 4P 4X4 2.4;9;2022;8AJDB3CD7N1324218
9;HYUNDAI;I20 BI3;I20 BI3 1.4 MT PLUS;7;2022;MALBG513APM149157
9;VOLKSWAGEN;NIVUS;NIVUS TSI 1.0;9;2022;9BWCH6CH2NP035265
9;TOYOTA;HILUX;HILUX PICKUP 4P 4X4 2.4;9;2022;8AJDB3CD4N1324158
9;TOYOTA;HILUX;HILUX PICKUP 4P 4X4 2.4;9;2022;8AJDB3CD3N1324166
9;FORD;MAVERICK;MAVERICK LARIAT 2.0 AT 4X4;8;2022;3FTTW8F96NRA59173
9;TOYOTA;HILUX;HILUX PICKUP 4P 4X4 2.4;9;2022;8AJDB3CD6N1324176
9;TOYOTA;HILUX;HILUX PICKUP 4P 4X4 2.4;9;2022;8AJDB3CD0N1324173
9;TOYOTA;HILUX;HILUX PICKUP 4P 4X4 2.4;9;2022;8AJDB3CD1N1324179
9;CHEVROLET;NPR;NPR 816 DC VL20;9;2022;JAANPR75KP7100652
9;CHEVROLET;NPR;NPR 816 DC VL20;9;2022;JAANPR75KP7100344
9;CHEVROLET;N400 MAX;N400 MAX 1.5;8;2022;LZWCDAGA0PC801023
9;CHEVROLET;N400 MAX;N400 MAX 1.5;8;2022;LZWCDAGA2PC801007
9;TOYOTA;HILUX;HILUX PICKUP 4P 4X4 2.4;9;2022;8AJDB3CDXN1324195
9;TOYOTA;HILUX;HILUX PICKUP 4P 4X4 2.4;9;2022;8AJDB3CD0N1324187
9;TOYOTA;HILUX;HILUX PICKUP 4P 4X4 2.4;9;2022;8AJDB3CD7N1324199
9;HYUNDAI;GRAND I-10 AI3 HB 1.2;GRAND I-10 AI3 HB 1.2 MT VALUE;7;2022;MALB251CAPM324185
9;TOYOTA;RUSH;NEW RUSH 1.5L XLI MT;7;2022;MHKE8FE20NK016511
9;TOYOTA;RAIZE;RAIZE CVT 1.2 AUT;10;2022;MHKAB1BA1NJ014961
9;TOYOTA;RAIZE;RAIZE CVT 1.2 AUT;10;2022;MHKAB1BA4NJ015117
9;HYUNDAI;VENUE;VENUE QX 1.6 MT PLUS;7;2022;KMHRC812APU191625
9;HYUNDAI;PORTER;PORTER 2.5 CRDI 6M/T GL DC 2AB;7;2022;KMFZAY7KAPU967192
9;CHEVROLET;N400 MAX;N400 MAX 1.5;9;2022;LZWCDAGA5PC801969
9;TOYOTA;YARIS;YARIS HB OTTO 1.5;10;2022;MR2K29F32N1249094
9;CHEVROLET;CAPTIVA;CAPTIVA 1.5 AT;9;2022;LZWADAGA8PB012003
9;TOYOTA;HILUX;HILUX PICK UP 4X4 2.8 AUT;10;2022;8AJBA3CD3P1729196
9;TOYOTA;HILUX;HILUX PICKUP 4P 4X4 2.4;9;2022;8AJDB3CD9N1324205
9;TOYOTA;HILUX;HILUX PICKUP 4P 4X4 2.4;9;2022;8AJDB3CD4N1324208
9;TOYOTA;HILUX;HILUX PICKUP 4P 4X4 2.4;9;2022;8AJDB3CD1N1324215
9;VOLKSWAGEN;VOYAGE;VOYAGE 1.6;9;2022;9BWDB45U0NT127390
9;VOLKSWAGEN;VOYAGE;VOYAGE 1.6;9;2022;9BWDB45U1NT127558
9;VOLKSWAGEN;VOYAGE;VOYAGE 1.6;9;2022;9BWDB45U4NT127411
9;VOLKSWAGEN;VOYAGE;VOYAGE 1.6;9;2022;9BWDB45U1NT128175
9;VOLKSWAGEN;VOYAGE;VOYAGE 1.6;9;2022;9BWDB45U1NT127530
9;VOLKSWAGEN;VOYAGE;VOYAGE 1.6;9;2022;9BWDB45U2NT127939
9;VOLKSWAGEN;VOYAGE;VOYAGE 1.6;9;2022;9BWDB45U1NT127396
9;VOLKSWAGEN;VOYAGE;VOYAGE 1.6;9;2022;9BWDB45U3NT127979
9;CHEVROLET;COLORADO;COLORADO DCAB 4X4 2.8;8;2022;9BG148FK0PC408912
9;CHEVROLET;N400 MAX;N400 MAX 1.5;8;2022;LZWCDAGA3PC800710
9;VOLKSWAGEN;VOYAGE;VOYAGE 1.6;9;2022;9BWDB45U4NT127473
9;VOLKSWAGEN;VOYAGE;VOYAGE 1.6;9;2022;9BWDB45U0NT128202
9;VOLKSWAGEN;VOYAGE;VOYAGE 1.6;9;2022;9BWDB45U1NT127477
9;VOLKSWAGEN;VOYAGE;VOYAGE 1.6;9;2022;9BWDB45U1NT127527
9;VOLKSWAGEN;VOYAGE;VOYAGE 1.6;9;2022;9BWDB45U0NT127549
9;VOLKSWAGEN;VOYAGE;VOYAGE 1.6;9;2022;9BWDB45U3NT128372
9;CHEVROLET;SAIL;SAIL 1.5;7;2022;LSGHD52H3ND111251
9;CHEVROLET;SAIL;SAIL 1.5;7;2022;LSGHD54H5ND109000
9;CHEVROLET;SAIL;SAIL 1.5;9;2022;LSGHD52H3ND110150
9;TOYOTA;HILUX;HILUX 4X4 2.4 MT DX - DX44MT24SC-2;9;2022;8AJDB8CB2P5514614
9;TOYOTA;HILUX;HILUX PICKUP 4P 4X4 2.4;9;2022;8AJDB3CD6N1324226
9;TOYOTA;HILUX;HILUX PICKUP 4P 4X4 2.4;9;2022;8AJDB3CD5N1324234
9;TOYOTA;HILUX;HILUX PICKUP 4P 4X4 2.4;9;2022;8AJDB3CD6N1324243
9;TOYOTA;HILUX;HILUX PICKUP 4P 4X4 2.4;9;2022;8AJDB3CD6N1324257
9;TOYOTA;HILUX;HILUX PICKUP 4P 4X4 2.4;9;2022;8AJDB3CD4N1324256
9;TOYOTA;HILUX;HILUX PICKUP 4P 4X4 2.4;9;2022;8AJDB3CD1N1324277
9;TOYOTA;HILUX;HILUX PICKUP 4P 4X4 2.4;9;2022;8AJDB3CD1N1324070
9;CHEVROLET;N400 MAX;N400 MAX 1.5;8;2022;LZWCDAGA0PC800924
9;PEUGEOT;3008;NUEVO 3008 ALLURE PACK BLUEHDI 130;8;2022;VF3MCYHZUPS005279
9;HYUNDAI;GRAND I-10 SEDAN;GRAND I10 SDN 1.2;1;2022;MALB241CAPM119904
9;HYUNDAI;GRAND I-10 AI3 HB 1.2;GRAND I-10 AI3 HB 1.2 AT VALUE;7;2022;MALB351CBPM301593
9;FORD;NEW ESCAPE;ESCAPE AWD 2.0 AUT;9;2022;1FMCU9J94NUA56618
9;FORD;NEW RANGER;RANGER RAPTOR 4X4 2.0 AUT;9;2022;MPBUR2366NX380353
9;CHEVROLET;SAIL;SAIL 1.5;7;2022;LSGHD52H4ND110528
9;CHEVROLET;SAIL;SAIL 1.5;7;2022;LSGHD52H2ND141700
9;CHEVROLET;ONIX;ONIX HB 4X2 1.0 AT;7;2022;9BGEY48K0PG138140
9;BMW;320;320I 2.0 AT;9;2022;WBA5F3801N8C69563
9;TOYOTA;HILUX;HILUX PICKUP 4P 4X4 2.4;9;2022;8AJDB3CD8N1324129
9;CHEVROLET;COLORADO;COLORADO DCAB 4X4 2.8 AT;9;2022;9BG148PK0PC408834
9;FIAT;PULSE;PULSE AUDACE HB 1.0 AUT;7;2022;9BD363B22PYZ17315
9;CHEVROLET;NQR;NQR 919 AC EURO Y SIN UREA;9;2022;JAAN1R90LP7100427
9;CHEVROLET;N400 MAX;N400 MAX 1.5;8;2022;LZWCDAGA0PC801992
9;CHEVROLET;NPR;NPR 816 VL20;1;2022;JAANPR75KP7100218
9;FIAT;PULSE;PULSE HB MT 1.3;9;2022;9BD363B14NYZ12060
9;HYUNDAI;NEW CRETA;CRETA SU2I 1.5;9;2022;MALPB812EPM333506
9;HYUNDAI;HD 35;HD 35 LWB 2.5;9;2022;KMFVA17RPPC360408
9;HYUNDAI;HD 35;HD 35 LWB 2.5;9;2022;KMFVA17RPPC360409
9;HYUNDAI;HD 35;HD 35 LWB 2.5;9;2022;KMFVA17RPPC360431
9;CHEVROLET;N400 MAX;N400 MAX 1.5;1;2022;LZWCDAGA9PC803787
9;CHEVROLET;N400 MAX;N400 MAX 1.5;1;2022;LZWCDAGA1PC803802
9;TOYOTA;HILUX;HILUX PICKUP 4P 4X4 2.4;9;2022;8AJDB3CD3N1324121
9;TOYOTA;HILUX;HILUX PICKUP 4P 4X4 2.4;9;2022;8AJDB3CD3N1324118
9;TOYOTA;HILUX;HILUX PICKUP 4P 4X4 2.4;9;2022;8AJDB3CD5N1324119
9;TOYOTA;HILUX;HILUX PICKUP 4P 4X4 2.4;9;2022;8AJDB3CD9N1324088
9;TOYOTA;HILUX;HILUX PICKUP 4P 4X4 2.4;9;2022;8AJDB3CD4N1324094
9;TOYOTA;HILUX;HILUX PICKUP 4P 4X4 2.4;9;2022;8AJDB3CD0N1324089
9;CHEVROLET;N400 MAX;N400 MAX 1.5;1;2022;LZWCDAGA1PC802231
9;TOYOTA;HILUX;HILUX PICKUP 4P 4X4 2.4;1;2022;8AJDB3CD9P1326670
9;HYUNDAI;HD 35;HD 35 LWB 2.5;1;2022;KMFVA17RPNC360146
9;CHEVROLET;N400 MAX;N400 MAX 1.5;1;2022;LZWCDAGA5PC801017
9;VOLKSWAGEN;GOL;GOL HB 1.6;1;2022;9BWAB45U8NT091368
9;TOYOTA;HILUX;HILUX PICKUP 4P 4X4 2.4;9;2022;8AJDB3CD4N1324080
9;TOYOTA;HILUX;HILUX PICKUP 4P 4X4 2.4;9;2022;8AJDB3CD8N1324079
9;TOYOTA;HILUX;HILUX PICKUP 4P 4X4 2.4;9;2022;8AJDB3CD0N1324075
9;TOYOTA;HILUX;HILUX PICKUP 4P 4X4 2.4;9;2022;8AJCB3DD4N3910647
9;TOYOTA;HILUX;HILUX PICKUP 4P 4X4 2.4;9;2022;8AJCB3DD4N3910650
9;CHEVROLET;TRACKER;TRACKER 1.2T;7;2022;9BGEN76C0PB124826
9;FIAT;PULSE;PULSE IMPETUS TF200 1.0 AUT;9;2022;9BD363B32PYZ34993
9;TOYOTA;HILUX;HILUX PICKUP 4P 4X4 2.4;9;2022;8AJCB3DD9N3910806
9;PEUGEOT;3008;3008 PURETECH 1.2L;9;2022;VF3MRHNSMPS004244
9;FORD;TERRITORY;TERRITORY 1.5 AUT;8;2022;LJXCU2BB6NTF12870
9;PEUGEOT;LANDTREK;LANDTREK 4X4 1.9;9;2022;VR3FDAHDLP3008713
9;FIAT;DUCATO;DUCATO MAXI CARGO MULTIJET C 2.3;9;2022;ZFA250000N2U99381
9;HYUNDAI;HD 35;HD35 SWB 2P 2.5;1;2022;KMFVA17RPPC360549
9;PEUGEOT;3008;3008 PURETECH 1.2L;9;2022;VF3MRHNSMPS004240
9;HYUNDAI;GRAND I-10 AI3 HB 1.2;GRAND I-10 AI3 HB 1.2 MT PLUS;7;2022;MALB251CAPM324209
9;HYUNDAI;GRAND I-10 AI3 HB 1.2;GRAND I-10 AI3 HB 1.2 MT PLUS;7;2022;MALB251CAPM324194
9;HYUNDAI;GRAND I-10 AI3 HB 1.2;GRAND I-10 AI3 HB 1.2 MT PLUS;7;2022;MALB251CAPM320590
9;HYUNDAI;HD 35;HD 35 CHC LT AC;9;2022;KMFVA17RPNC360341
9;HYUNDAI;HD 35;HD 35 CHC LT AC;9;2022;KMFVA17RPNC360333
9;HYUNDAI;HD 35;HD 35 CHC STD;9;2022;KMFVA17RPNC360464
9;TOYOTA;RAIZE;NEW RAIZE 1.2 E MT;9;2022;MHKAB1BA4NJ014727
9;TOYOTA;YARIS;NEW YARIS SEDAN GLI E MT 1.5L;9;2022;MR2B29F35P1251408
9;TOYOTA;HILUX;NEW HILUX 4X4 2.8L MT SR;9;2022;8AJKA3CD1P3101187
9;HYUNDAI;HD 35;HD35 SWB 2P 2.5;1;2022;KMFVA17RPPC360548
9;HYUNDAI;HD 35;HD 35 CHC A/C A/B;9;2022;KMFVA17RPPC360638
9;HYUNDAI;NEW CRETA;CRETA SU2I CVT 1.5 AUT;9;2022;MALPB812EPM348004
9;CHEVROLET;BLAZER;BLAZER 4X4 3.6 AUT;7;2022;3GNKB8RS6NS177813
9;HYUNDAI;GRAND I-10 AI3 HB 1.2;GRAND I-10 AI3 HB 1.2 MT PLUS;7;2022;MALB251CAPM324450
9;HYUNDAI;HD 35;HD 35 CHC A/C A/B;9;2022;KMFVA17RPNC359286
9;PEUGEOT;2008;2008 ACTIVE PACK PURETECH 130;8;2022;VR3USHNSKPJ511200
9;HYUNDAI;HD 35;HD 35 CHC STD;9;2022;KMFVA17RPNC360463
9;FORD;TERRITORY;TERRITORY TITANIUM 1.5L GTDI 4X2 AT;7;2022;LJXCU2BB9NTF18307
9;TOYOTA;RAIZE;NEW RAIZE 1.2 I MT;9;2022;MHKAB1BAXNJ016952
9;FORD;TERRITORY;TERRITORY TITANIUM 1.5L GTDI 4X2 AT;7;2022;LJXCU2BB8NTF18332
9;TOYOTA;RAV4;NEW RAV4 4X2 CVT 2.0 LE;9;2022;JTMZ43FV8PD133690
9;TOYOTA;RAIZE;RAIZE 1.2 E CVT;9;2022;MHKAB1BA1NJ014717
9;TOYOTA;YARIS;YARIS SEDAN XLI 1.5 TM;1;2022;MR2B29F37N1249172
9;VOLKSWAGEN;NUEVO VIRTUS;VIRTUS OTTO 1.6;1;2022;9BWDL5BZ3NP040160
9;TOYOTA;YARIS;NEW YARIS SEDAN GLI E MT 1.5L;9;2022;MR2B29F33N1250688
9;TOYOTA;HILUX;NEW HILUX 4X4 2.8L MT SR;9;2022;8AJKA3CD8P3101882
9;CHEVROLET;CAPTIVA;CAPTIVA MT6 4X2 1.5;7;2022;LZWADAGA2PB010070
9;CHEVROLET;TRACKER;TRACKER 1.2T LS MT P;1;2022;9BGEA76C0PB135857
9;PEUGEOT;LANDTREK;LANDTREK 4X4 1.9;7;2022;VR3FDAHDLN3006943
9;TOYOTA;YARIS;NEW YARIS SEDAN GLI E MT 1.5L;9;2022;MR2B29F35N1247596
9;PEUGEOT;PARTNER;PARTNER HDI 92 L2 1.6;7;2022;VR3EF9HPAPJ507379
9;TOYOTA;HILUX;HILUX PICKUP 4P 4X4 2.4;7;2022;8AJKB3CD4P1644669
9;HYUNDAI;NEW CRETA;CRETA SU2I CVT 1.5 AUT;8;2022;MALPB812EPM347325
9;HYUNDAI;NEW CRETA;CRETA SU2I CVT 1.5 AUT;8;2022;MALPB812EPM347327
9;HYUNDAI;NEW CRETA;CRETA SU2I CVT 1.5 AUT;8;2022;MALPB812EPM347328
9;HYUNDAI;NEW CRETA;CRETA SU2I CVT 1.5 AUT;8;2022;MALPB812EPM347330
9;HYUNDAI;NEW CRETA;CRETA SU2I CVT 1.5 AUT;8;2022;MALPB812EPM347314
9;HYUNDAI;STARIA MB;STARIA US4 CRDI 2.2;8;2022;KMJYA371APU052422
9;FORD;TERRITORY;TERRITORY TITANIUM 1.5L GTDI 4X2 AT;7;2022;LJXCU2BB9NTF18601
9;FORD;TERRITORY;TERRITORY TITANIUM 1.5L GTDI 4X2 AT;7;2022;LJXCU2BB7NTF18550
9;HYUNDAI;GRAND I-10;GRAND I10 HB 1.2;1;2022;MALB251CAPM324452
9;HYUNDAI;ATOS AH2;ATOS AH2 1.1 MT PLUS;8;2022;MALAF51CANM186810
9;HYUNDAI;NEW CRETA;CRETA SU2I CVT 1.5 AUT;8;2022;MALPB812EPM347315
9;HYUNDAI;NEW CRETA;CRETA SU2I CVT 1.5 AUT;8;2022;MALPB812EPM347316
9;HYUNDAI;NEW CRETA;CRETA SU2I CVT 1.5 AUT;8;2022;MALPB812EPM347319
9;VOLKSWAGEN;POLO;POLO HATCH BACK 1.6 AT;1;2022;9BWAL5BZ8NP039783
9;HYUNDAI;NEW CRETA;CRETA SU2I CVT 1.5 AUT;8;2022;MALPB812EPM347320
9;VOLKSWAGEN;GOL;GOL HB 1.6;1;2022;9BWAB45U7NT120908
9;HYUNDAI;NEW CRETA;CRETA SU2I CVT 1.5 AUT;8;2022;MALPB812EPM347321
9;HYUNDAI;VENUE;VENUE QX 1.6 AUT;8;2022;KMHRC812BPU196649
9;HYUNDAI;VENUE;VENUE QX 1.6 AUT;8;2022;KMHRC812BPU196655
9;HYUNDAI;VENUE;VENUE QX 1.6 AUT;8;2022;KMHRC812BPU196685
9;HYUNDAI;VENUE;VENUE QX 1.6 AUT;8;2022;KMHRC812BPU196692
9;HYUNDAI;VENUE;VENUE QX 1.6 AUT;8;2022;KMHRC812BPU196652
9;FORD;EDGE;EDGE AWD 2.0 AT;7;2022;2FMPK4J98NBA32953
9;FORD;NEW ESCAPE;ESCAPE 4X4 2.0L AUT;7;2022;1FMCU9J96NUA57057
9;CHEVROLET;GROOVE;GROOVE 1.5;1;2022;LZWADAGA5PG003665
9;CHEVROLET;CAPTIVA;CAPTIVA MT6 1.5;7;2022;LZWADAGAXPB000094
9;RENAULT;EXPRESS;EXPRESS 1.5;7;2022;VF1RJK003PG189372
9;FORD;EXPLORER;EXPLORER 4X4 3.0 AT;7;2022;1FM5K8GC8NGA61220
9;CHEVROLET;TRACKER;TRACKER 1.2T;7;2022;9BGEA76C0PB101277
9;CHEVROLET;TRACKER;TRACKER 1.2T;7;2022;9BGEN76C0PB136121
9;FORD;TRANSIT VAN;TRANSIT CUSTOM FURGON 2.2;2;2022;WF0YXXTTGNTT01533
9;CHEVROLET;SAIL;SAIL 1.5;9;2022;LSGHD52H1ND131515
9;CHEVROLET;CAPTIVA;CAPTIVA MT6 4X2 1.5;2;2022;LZWADAGA3PB010689
9;TOYOTA;RAIZE;RAIZE 1.2 E CVT;9;2022;MHKAB1BA2NJ018193
9;TOYOTA;HILUX;HILUX DOBLE CABINA 2.4;7;2022;8AJJB3DD0N4236868
9;CHEVROLET;CAPTIVA;CAPTIVA 1.5 AUT;7;2022;LZWADAGA1LB013813
9;RENAULT;C;C520;7;2022;VF630E358ND000483
9;FIAT;PULSE;PULSE IMPETUS TF200 1.0 AUT;8;2022;9BD363B32PYZ20072
9;BMW;X6;X6 M50I 4X4 4.4 AUT;1;2022;WBACY8103N9L11585
9;HYUNDAI;ACCENT HCI;ACCENT HCI 1.6 AUT;8;2022;MALC741CBNM333970
9;HYUNDAI;NEW CRETA;CRETA SU2I 1.5;8;2022;MALPB812APM333550
9;VOLKSWAGEN;GOL;GOL HB 1.6;1;2022;9BWAB45U2NT122386
9;PEUGEOT;EXPERT;EXPERT 2.0;2;2022;VF3VFAHXGPZ000946
9;CHEVROLET;COLORADO;COLORADO DCAB 4X4 2.8;1;2022;9BG148FK0PC408873
9;VOLKSWAGEN;GOL;GOL HB 1.6;1;2022;9BWAB45U5NT122446
9;VOLKSWAGEN;GOL;GOL HB 1.6;1;2022;9BWAB45U7NT122948
9;VOLKSWAGEN;VOYAGE;VOYAGE 1.6;1;2022;9BWDB45U9NT127906
9;PEUGEOT;EXPERT;EXPERT 2.0;8;2022;VF3VFAHXGPZ002226
9;PEUGEOT;EXPERT;EXPERT 2.0;8;2022;VF3VFAHXGPZ002176
9;VOLKSWAGEN;SAVEIRO;SAVEIRO CS 1.6;1;2022;9BWKL45UXNP046264
9;TOYOTA;YARIS;YARIS SEDAN GLI 1.5 MT;1;2022;MR2B29F38N1242070
9;CHEVROLET;GROOVE;GROOVE 1.5;7;2022;LZWADAGA6PG003724
9;TOYOTA;RAIZE;RAIZE CVT 1.2 AUT;7;2022;MHKAB1BA5NJ014560
9;TOYOTA;RAIZE;RAIZE 4X2 1.2;7;2022;MHKAB1BA5NJ017829
9;VOLKSWAGEN;T-CROSS;T CROSS TSI 1.0 AUT;1;2022;9BWBH6BF7N4066511
9;TOYOTA;RAIZE;RAIZE 4X2 1.2;2;2022;MHKAB1BA2NJ002172
9;TOYOTA;RAV4;RAV4 OTTO 2.0;2;2022;JTMZ43FV8ND131256
9;VOLKSWAGEN;CONSTELLATION;CONSTELLATION 17.280 DC;9;2022;953658248PR013767
9;VOLKSWAGEN;CONSTELLATION;CONSTELLATION 17.280 DC;9;2022;953658244PR013751
9;TOYOTA;YARIS;NEW YARIS SEDAN GLI E MT 1.5L;9;2022;MR2B29F35N1247999
9;PEUGEOT;2008;2008 PURETECH 130 1.2;1;2022;VR3USHNSKPJ513630
9;TOYOTA;RAIZE;RAIZE 4X2 1.2;7;2022;MHKAB1BA7NJ017217
9;FORD;NEW RANGER;RANGER RAPTOR 4X4 2.0 AUT;8;2022;MPBUR2366NX378490
9;FORD;NEW RANGER;RANGER RAPTOR 4X4 2.0 AUT;8;2022;MPBUR2365NX394678
9;TOYOTA;HILUX;HILUX DOBLE CABINA 2.4;7;2022;8AJCB3DD9P3911649
9;TOYOTA;HILUX;HILUX PICKUP 4P 4X4 2.4;7;2022;8AJDB3CDXN1324875
9;CHEVROLET;GROOVE;GROOVE 1.5;7;2022;LZWADAGAXPG003693
9;CHEVROLET;COLORADO;COLORADO DCAB 4X4 2.8 AT;7;2022;9BG148FK0PC409274
9;CHEVROLET;CAMARO;CAMARO SS COUPE 6.2 AT;7;2022;1G1F91R7XN0110253
9;RENAULT;DUSTER;DUSTER 4X2 1.6;1;2022;VF1HJD205PA283373
9;CHEVROLET;CAPTIVA;CAPTIVA 1.5 AUT;7;2022;LZWADAGA1PB006950
9;CHEVROLET;SAIL;SAIL 1.5;9;2022;LSGHD52H7ND140333
9;CHEVROLET;COLORADO;COLORADO DCAB 4X4 2.8;1;2022;9BG148FK0PC408966
9;CHEVROLET;TRACKER;TRACKER 1.2T AUT;1;2022;9BGEN76C0PB123591
9;CHEVROLET;GROOVE;GROOVE PREMIER 1.5;1;2022;LZWADAGA0NG021925
9;CHEVROLET;SAIL;SAIL 1.5;7;2022;LSGHD52H2ND140885
9;FORD;TERRITORY;TERRITORY TITANIUM 1.5 AUT;9;2022;LJXCU2BB4NTF18280
9;VOLKSWAGEN;GOL;GOL HB 1.6;9;2022;9BWAB45U2NT121061
9;VOLKSWAGEN;GOL;GOL HB 1.6;9;2022;9BWAB45U1NT121522
9;VOLKSWAGEN;GOL;GOL HB 1.6;9;2022;9BWAB45U2NT120928
9;VOLKSWAGEN;GOL;GOL HB 1.6;9;2022;9BWAB45U1NT121567
9;VOLKSWAGEN;GOL;GOL HB 1.6;9;2022;9BWAB45U1NT121360
9;VOLKSWAGEN;GOL;GOL HB 1.6;9;2022;9BWAB45U2NT121089
9;VOLKSWAGEN;GOL;GOL HB 1.6;9;2022;9BWAB45U2NT120797
9;VOLKSWAGEN;GOL;GOL HB 1.6;9;2022;9BWAB45U2NT121321
9;VOLKSWAGEN;GOL;GOL HB 1.6;9;2022;9BWAB45U2NT120976
9;VOLKSWAGEN;GOL;GOL HB 1.6;9;2022;9BWAB45U1NT121617
9;VOLKSWAGEN;GOL;GOL HB 1.6;9;2022;9BWAB45U1NT121276
9;VOLKSWAGEN;GOL;GOL HB 1.6;9;2022;9BWAB45U2NT121304
9;VOLKSWAGEN;GOL;GOL HB 1.6;9;2022;9BWAB45U2NT121268
9;VOLKSWAGEN;GOL;GOL HB 1.6;9;2022;9BWAB45U2NT121111
9;VOLKSWAGEN;GOL;GOL HB 1.6;9;2022;9BWAB45U2NT120993
9;VOLKSWAGEN;GOL;GOL HB 1.6;9;2022;9BWAB45U2NT121013
9;VOLKSWAGEN;GOL;GOL HB 1.6;9;2022;9BWAB45U1NT121889
9;VOLKSWAGEN;GOL;GOL HB 1.6;9;2022;9BWAB45U2NT120833
9;VOLKSWAGEN;GOL;GOL HB 1.6;9;2022;9BWAB45U2NT120766
9;VOLKSWAGEN;GOL;GOL HB 1.6;9;2022;9BWAB45U2NT120718
9;VOLKSWAGEN;GOL;GOL HB 1.6;9;2022;9BWAB45U2NT120783
9;VOLKSWAGEN;GOL;GOL HB 1.6;9;2022;9BWAB45U1NT122024
9;RENAULT;DUSTER;DUSTER 4X2 1.6;1;2022;VF1HJD206PA260023
9;FORD;BRONCO SPORT;BRONCO SPORT WILDTRAK 4X4 2.0 AUT;2;2022;3FMCR9E95NRD58499
9;FORD;TERRITORY;TERRITORY 1.5 AUT;7;2022;LJXCU2BB2NTF16382
9;VOLKSWAGEN;CONSTELLATION;CONSTELLATION 17.280;9;2022;953658240PR021720
9;VOLKSWAGEN;CONSTELLATION;CONSTELLATION 17.280 DC;9;2022;953658241PR021614
9;VOLKSWAGEN;CONSTELLATION;CONSTELLATION 17.280 DC;9;2022;953658249PR021571
9;HYUNDAI;MIGHTY EX6;MIGHTY EX6 DLX;8;2022;KMFHA17SPNC067727
9;CHEVROLET;SAIL;SAIL 1.5;9;2022;LSGHD52H9ND131939
9;TOYOTA;COROLLA CROSS;COROLLA CROSS CVT 2.0 AUT;7;2022;9BRK4AAG7N0051736
9;TOYOTA;RUSH;RUSH 1.5 MT;7;2022;MHKE8FE30NK003815
9;VOLKSWAGEN;GOL;GOL HB 1.6;9;2022;9BWAB45U1NT122265
9;VOLKSWAGEN;GOL;GOL HB 1.6;9;2022;9BWAB45U1NT122153
9;VOLKSWAGEN;GOL;GOL HB 1.6;9;2022;9BWAB45U1NT122962
9;VOLKSWAGEN;GOL;GOL HB 1.6;9;2022;9BWAB45U1NT123027
9;CHEVROLET;TRACKER;TRACKER 1.2T;8;2022;9BGEA76C0PB134717
9;VOLKSWAGEN;GOL;GOL HB 1.6;9;2022;9BWAB45U1NT122430
9;VOLKSWAGEN;GOL;GOL HB 1.6;9;2022;9BWAB45U1NT122475
9;VOLKSWAGEN;GOL;GOL HB 1.6;9;2022;9BWAB45U1NT122055
9;VOLKSWAGEN;GOL;GOL HB 1.6;9;2022;9BWAB45U1NT123030
9;VOLKSWAGEN;GOL;GOL HB 1.6;9;2022;9BWAB45U1NT121990
9;VOLKSWAGEN;GOL;GOL HB 1.6;9;2022;9BWAB45U1NT122220
9;VOLKSWAGEN;GOL;GOL HB 1.6;9;2022;9BWAB45U1NT122217
9;VOLKSWAGEN;GOL;GOL HB 1.6;9;2022;9BWAB45U1NT122511
9;VOLKSWAGEN;GOL;GOL HB 1.6;9;2022;9BWAB45U3NT122820
9;VOLKSWAGEN;GOL;GOL HB 1.6;9;2022;9BWAB45U3NT122655
9;VOLKSWAGEN;GOL;GOL HB 1.6;9;2022;9BWAB45U2NT122498
9;VOLKSWAGEN;GOL;GOL HB 1.6;9;2022;9BWAB45U2NT122162
9;VOLKSWAGEN;GOL;GOL HB 1.6;9;2022;9BWAB45U3NT122199
9;VOLKSWAGEN;GOL;GOL HB 1.6;9;2022;9BWAB45U2NT123070
9;TOYOTA;HILUX;NEW HILUX 4X4 2.4L MT DX;1;2022;8AJDB3C5P1325144
9;FORD;TERRITORY;TERRITORY 1.5 AUT;1;2022;LJXCU2BB6NTF15753
9;FORD;TERRITORY;TERRITORY 1.5 AUT;1;2022;LJXCU2BB6NTF15767
9;TOYOTA;RAIZE;RAIZE 4X2 1.2;7;2022;MHKAB1BA8NJ017338
9;HYUNDAI;HD 35;HD35 SWB 2P 2.5;2;2022;KMFVA17RPPC360579
9;HYUNDAI;HD 35;HD35 SWB 2P 2.5;2;2022;KMFVA17RPNC359515
9;FORD;NEW RANGER;RANGER ICA DSL XLS 4X4 3.2;8;2022;8AFAR23W5PJ292554
9;FORD;NEW RANGER;RANGER XLS DCAB 4X4 3.2;8;2022;8AFAR23W6PJ292546
9;HYUNDAI;GRAND I-10 AI3 HB 1.2;GRAND I-10 AI3 HB 1.2 MT PLUS;1;2022;MALB251CAPM324189
9;VOLKSWAGEN;GOL;GOL HB 1.6;9;2022;9BWAB45U5NT122396
9;PEUGEOT;308;308 ALLURE PACK BLUEHDI 130 EAT8;2;2022;VR3FBYHZTPY500314
9;PEUGEOT;301;301 ALLURE SLL HDI 92;9;2022;VF3DD9HP0PJ510628
9;PEUGEOT;2008;2008 BLUE HDI 100 4X2 1.5;9;2022;VR3UDYHSKPJ511062
9;HYUNDAI;NEW CRETA;CRETA 1.5;1;2022;MALPB812APM309405
9;HYUNDAI;VENUE;VENUE QX 1.6 MT VALUE;1;2022;KMHRC812APU192146
9;CHEVROLET;N400 MAX;N400 MAX 1.5;1;2022;LZWCDAGA4PC803826
9;CHEVROLET;ONIX;ONIX HB RS 1.OT;1;2022;9BGED48K0PG156990
9;FIAT;PULSE;PULSE DRIVE MT 1.3;1;2022;9BD363B14PYZ16404
9;TOYOTA;HILUX;HILUX PICKUP 4P 4X4 2.4;1;2022;8AJKB3CD6N1641785
9;TOYOTA;YARIS;YARIS HB OTTO 1.5;1;2022;MR2K29F35N1249820
9;PEUGEOT;2008;2008 PURETECH 130 1.2;8;2022;VR3USHNSKPJ511197
9;TOYOTA;HILUX;HILUX 4X2 2.4 TM SR R;8;2022;8AJJB3DD4P4237136
9;TOYOTA;RAV4;RAV4 OTTO 2.0 AUT;8;2022;JTMZ43FV1PD132560
9;TOYOTA;RAV4;RAV4 LE 2.0 4X2 CVT;1;2022;JTMZ43FV0PD133196
9;TOYOTA;RAV4;RAV4 LE 2.0 4X2 MT;1;2022;JTMZ43FV9PD132421
9;TOYOTA;RAIZE;RAIZE CVT 1.2 AUT;9;2022;MHKAB1BA1NJ016824
9;CHEVROLET;N400 MAX;N400 MAX 1.5;1;2022;LZWCDAGA0PC802415
9;VOLKSWAGEN;SAVEIRO;SAVEIRO D CAB 1.6;8;2022;9BWJL45U8NP048672
9;FORD;EDGE;EDGE AWD 2.0 AT;8;2022;2FMPK4J97NBA32720
9;HYUNDAI;EX 9;EX9 EXTRA;1;2022;KMFHA17HPPC069539
9;CHEVROLET;ONIX;ONIX HB RS 1.OT;1;2022;9BGED48K0PG160330
9;CHEVROLET;CAPTIVA;CAPTIVA MT6 4X2 1.5;1;2022;LZWADAGA3PB009929
9;TOYOTA;YARIS;YARIS SEDAN OTTO 1.5;1;2022;MR2B29F3XN1251207
9;CHEVROLET;ONIX;ONIX HB 1.0;9;2022;9BGED48K0PG134007
9;CHEVROLET;GROOVE;GROOVE 1.5;9;2022;LZWADAGA4PG003401
9;CHEVROLET;TRACKER;TRACKER 1.2T;9;2022;9BGEA76C0NB191956
9;CHEVROLET;SAIL;SAIL 1.5;2;2022;LSGHD52H9ND131875
9;CHEVROLET;SAIL;SAIL 1.5;2;2022;LSGHD54H9ND139620
9;CHEVROLET;SAIL;SAIL 1.5;2;2022;LSGHD52H8ND129115
9;RENAULT;DUSTER;DUSTER 4X2 1.6;9;2022;VF1HJD203PA253255
9;TOYOTA;HILUX;HILUX 4X2 2.4 MT DX;2;2022;8AJCB3DD7N3911372
9;TOYOTA;COROLLA CROSS;COROLLA CROSS SEG 2.0;1;2022;9BRK4AAG5P0057859
9;VOLKSWAGEN;CONSTELLATION;CONSTELLATION 17.280;2;2022;953658246NR029219
9;FIAT;PULSE;PULSE DRIVE HB 1.3 AUT;9;2022;9BD363B16PYZ45608
9;CHEVROLET;TRACKER;TRACKER 1.2T;9;2022;9BGEA76C0PB124376
9;TOYOTA;HILUX;HILUX PICKUP 4P 4X4 2.4;9;2022;8AJCB3DD6N3911153
9;HYUNDAI;ATOS AH2;ATOS AH2 1.1 MT PLUS;9;2022;MALAF51CANM186807
9;FORD;TERRITORY;TERRITORY 1.5 AUT;9;2022;LJXCU2BB7NTF12229
9;FORD;NEW RANGER;RANGER DCAB 4X4 3.2 AUT;9;2022;8AFAR23W5PJ297933
9;FORD;TRANSIT VAN;TRANSIT 460E 2.2L PUMA T/M EURO V;9;2022;WF0HXXTTGNTT09228
9;FORD;TRANSIT VAN;TRANSIT 460E 2.2L PUMA T/M EURO V;9;2022;WF0HXXTTGNTT10541
9;HYUNDAI;ACCENT HCI;ACCENT HCI 1.6 AT VALUE;9;2022;MALC741CBNM334128
9;HYUNDAI;HD 35;HD35 SWB 2P 2.5;2;2022;KMFVA17RPPC360568
9;HYUNDAI;PORTER;PORTER II DCAB 2.5;2;2022;KMFZAY7KAPU968716
9;HYUNDAI;PORTER;PORTER II DCAB 2.5;2;2022;KMFZAY7KAPU968881
9;HYUNDAI;TUCSON NX4;TUCSON NX4 2.0 MT PLUS;9;2022;KMHJB81DAPU162580
9;HYUNDAI;TUCSON NX4;TUCSON NX4 2.0 AUT;2;2022;KMHJB81DBPU162865
9;TOYOTA;COROLLA CROSS;COROLLA CROSS CVT 2.0 AUT;9;2022;9BRK4AAG7N0055463
9;TOYOTA;COROLLA CROSS;COROLLA CROSS CVT 2.0 AUT;9;2022;9BRK4AAG3N0055394
9;HYUNDAI;STARIA FG;STARIA US4 FG 2.2 CRDI MT DOBLE PUE;9;2022;KMFYFX71AMU043928
9;TOYOTA;HILUX;HILUX PICKUP 4P 4X4 2.4;9;2022;8AJCB3DD5N3911337
9;CHEVROLET;SAIL;SAIL 1.5;7;2022;LSGHD52H2ND131815
9;CHEVROLET;SAIL;SAIL 1.5;7;2022;LSGHD54H3ND114387
9;TOYOTA;HILUX;HILUX PICKUP 4P 4X4 2.4;9;2022;8AJCB3DD4N3910633
9;TOYOTA;HILUX;HILUX PICKUP 4P 4X4 2.4;9;2022;8AJCB3DD5N3910625
9;TOYOTA;HILUX;HILUX 4X4 2.4 DX MT;2;2022;8AJDB3CD1P1326596
9;CHEVROLET;SAIL;SAIL 1.5;9;2022;LSGHD52H6ND141716
9;CHEVROLET;SAIL;SAIL 1.5;9;2022;LSGHD52H9ND131441
9;CHEVROLET;SAIL;SAIL 1.5;9;2022;LSGHD52H6ND129047
9;VOLKSWAGEN;VOYAGE;VOYAGE 1.6;9;2022;9BWDB45U4NT127442
9;VOLKSWAGEN;VOYAGE;VOYAGE 1.6;9;2022;9BWDB45U0NT127454
9;HYUNDAI;SOLATI;H350 LWB 2.5;2;2022;KMFAC17RPNK001482
9;FORD;TERRITORY;TERRITORY 1.5 AUT;9;2022;LJXCU2BB5NTF15999
9;HYUNDAI;NEW CRETA;CRETA SU2I 1.5 MT PLUS;9;2022;MALPB812APM332424
9;HYUNDAI;MIGHTY EX8;MIGHTY EX8 STD EURO V;2;2022;KMFHA17SPNC067771
9;HYUNDAI;ATOS AH2;ATOS AH2 1.1 MT PLUS;9;2022;MALAF51CANM186704
9;HYUNDAI;CRETA;CRETA SU2I 1.5 CVT PLUS;9;2022;MALPB812EPM347982
9;FORD;NEW RANGER;RANGER DCAB 4X4 3.2 AUT;9;2022;8AFAR23W7PJ298162
9;HYUNDAI;TUCSON NX4;TUCSON NX4 1.6T AT 4WD LIMITED;9;2022;KMHJB81BHPU164249
9;CHEVROLET;CAPTIVA;CAPTIVA MT6 1.5;9;2022;LZWADAGA8PB005245
9;HYUNDAI;SANTA FE TM;SANTA FE TM 2.5 AUT;2;2022;KMHS281KBPU440879
9;FORD;TERRITORY;NEW TERRITORY TITANIUM 1.5L GTDI AT;2;2022;LJXCU2BB4NTF12138
9;HYUNDAI;SANTA FE TM;SANTA FE TM 2.5 AUT;2;2022;KMHS281KBPU440894
9;HYUNDAI;ELANTRA CN7;ELANTRA CN7 2.0 AT VALUE;9;2022;KMHLN41GBNU375128
9;CHEVROLET;COLORADO;COLORADO DCAB 4X4 2.8 AT;2;2022;9BG148FK0PC409300
9;CHEVROLET;GROOVE;GROOVE 1.5;2;2022;LZWADAGA1PG004599
9;HYUNDAI;GRAND I-10 AI3 HB 1.2;GRAND I-10 AI3 HB 1.2 MT VALUE;9;2022;MALB251CAPM321608
9;CHEVROLET;COLORADO;COLORADO DCAB 4X4 2.8 AT;2;2022;9BG148FK0PC409163
9;CHEVROLET;N400 MAX;N400 MAX 1.5;2;2022;LZWCDAGA6PC803861
9;CHEVROLET;N400 MAX;N400 MAX 1.5;2;2022;LZWCDAGA3PC800769
9;CHEVROLET;COLORADO;COLORADO DCAB 4X4 2.8 AT;2;2022;9BG148MK0PC407708
9;PEUGEOT;301;301 ALLURE II HDI 92;9;2022;VF3DD9HP0PJ514179
9;CHEVROLET;N400 MAX;N400 MAX 1.5;2;2022;LZWCDAGAXPC801191
9;FORD;NEW RANGER;RANGER ICA DSL LIMITED 4X4 3.2L AT;9;2022;8AFAR23W4PJ298166
9;VOLKSWAGEN;VOYAGE;VOYAGE 1.6;9;2022;9BWDB45U3NT127500
9;VOLKSWAGEN;VOYAGE;VOYAGE 1.6;9;2022;9BWDB45U2NT127407
9;VOLKSWAGEN;VOYAGE;VOYAGE 1.6;9;2022;9BWDB45U4NT127408
9;VOLKSWAGEN;VOYAGE;VOYAGE 1.6;9;2022;9BWDB45U0NT127504
9;VOLKSWAGEN;VOYAGE;VOYAGE 1.6;9;2022;9BWDB45U0NT127387
9;VOLKSWAGEN;VOYAGE;VOYAGE 1.6;9;2022;9BWDB45U3NT127447
9;VOLKSWAGEN;VOYAGE;VOYAGE 1.6;9;2022;9BWDB45U3NT127545
9;VOLKSWAGEN;VOYAGE;VOYAGE 1.6;9;2022;9BWDB45U0NT127440
9;VOLKSWAGEN;VOYAGE;VOYAGE 1.6;9;2022;9BWDB45U2NT127388
9;FORD;NEW RANGER;RANGER ICA XL 4X4 2.2L MT DIESEL;9;2022;8AFAR23K7PJ297221
9;TOYOTA;COROLLA CROSS;COROLLA CROSS CVT 2.0 AUT;9;2022;9BRK4AAG2N0055208
9;HYUNDAI;ACCENT HCI;ACCENT HCI 1.4 MT PLUS;9;2022;MALC741BAPM334154
9;TOYOTA;YARIS;YARIS SEDAN GLI 1.5;2;2022;MR2B29F33N1250142
9;TOYOTA;HILUX;HILUX 4X2 2.4 MT SR;1;2022;8AJJB3DD1P4237160
9;CHEVROLET;N400 MAX;N400 MAX 1.5;2;2022;LZWCDAGA4PC801199
9;CHEVROLET;ONIX;ONIX HB 4X2 1.0 AT;2;2022;9BGEY48K0PG151690
9;FORD;MAVERICK;MAVERICK LARIAT;9;2022;3FTTW8F95NRA65322
9;CHEVROLET;GROOVE;GROOVE 1.5;2;2022;LZWADAGA3PG003132
9;FORD;TERRITORY;NEW TERRITORY TREND 1.5L GTDI AT;2;2022;LJXCU2BB7NTF15910
9;TOYOTA;RAIZE;RAIZE 4X2 1.2;2;2022;MHKAB1BA3NJ017313
9;TOYOTA;RAIZE;RAIZE 4X2 1.2;2;2022;MHKAB1BA4NJ015473
9;CHEVROLET;GROOVE;GROOVE 1.5;9;2022;LZWADAGA4PG003723
9;FORD;TERRITORY;TERRITORY TITANIUM 5P;2;2022;LJXCU2BB1MTP00921
9;FORD;NEW RANGER;RANGER XLT 4X4 3.2L AT;2;2022;8AFAR23W0PJ297967
9;TOYOTA;RAV4;RAV4 OTTO 2.0 AUT;2;2022;JTMZ43FV4PD133007
9;VOLKSWAGEN;VOYAGE;VOYAGE 1.6;9;2022;9BWDB45U2NT127391
9;VOLKSWAGEN;VOYAGE;VOYAGE 1.6;9;2022;9BWDB45U3NT127397
9;CHEVROLET;SAIL;SAIL 1.5;2;2022;LSGHD52H7ND047005
9;CHEVROLET;SAIL;SAIL 1.5;2;2022;LSGHD52H9ND056224
9;TOYOTA;C-HR;C HR HEV 1.8 AUT;2;2022;NMTKZ3BX5NR359986
9;TOYOTA;RUSH;RUSH 4X2 1.5 AUT;2;2022;MHKE8FF20NK012893
9;TOYOTA;RAIZE;RAIZE CVT 1.2 AUT;2;2022;MHKAB1BA8NJ017243
9;TOYOTA;RAIZE;RAIZE CVT 1.2 AUT;2;2022;MHKAB1BA0NJ017155
9;TOYOTA;RAIZE;RAIZE CVT 1.2 AUT;2;2022;MHKAB1BA3NJ017117
9;CHEVROLET;COLORADO;COLORADO DCAB 4X4 2.8 AT;9;2022;9BG148MK0PC408687
9;HYUNDAI;HD 35;HD 35 LWB 2.5;2;2022;KMFVA17RPNC360139
9;FORD;TERRITORY;TERRITORY 1.5 AUT;2;2022;LJXCU2BB5NTF15758
9;TOYOTA;RAIZE;RAIZE CVT 1.2 AUT;2;2022;MHKAB1BA3NJ017084
9;TOYOTA;YARIS;YARIS HB OTTO 1.5;2;2022;MR2K29F31N1249913
9;TOYOTA;RAIZE;RAIZE CVT 1.2 AUT;2;2022;MHKAB1BA8NJ014648
9;HYUNDAI;GRAND I-10 AI3 HB 1.2;GRAND I-10 AI3 HB 1.2 MT VALUE;9;2022;MALB251CAPM322426
9;TOYOTA;RAIZE;RAIZE CVT 1.2 AUT;2;2022;MHKAB1BA7NJ015340
9;TOYOTA;RAV4;RAV4 OTTO 2.0 AUT;2;2022;JTMZ43FV9PD132807
9;TOYOTA;RAV4;RAV4 OTTO 2.0;2;2022;JTMZ43FV4PD133055
9;CHEVROLET;COLORADO;COLORADO DCAB 4X4 2.8 AT;2;2022;9BG148PK0PC408616
9;TOYOTA;COROLLA CROSS;COROLLA CROSS CVT 2.0 AUT;2;2022;9BRK4AAG7N0049940
9;VOLKSWAGEN;CONSTELLATION;CONSTELLATION 19.360 LR;6;2022;9536R8277PR024046
9;VOLKSWAGEN;CONSTELLATION;CONSTELLATION 19.360 LR;6;2022;9536R827XPR024672
9;VOLKSWAGEN;CONSTELLATION;CONSTELLATION 19.360 LR;6;2022;9536R8279PR024503
9;CHEVROLET;NQR;NQR 919 916;6;2022;JAAN1R90LP7100370
9;HYUNDAI;NEW CRETA;CRETA SU2I CVT 1.5 AUT;2;2022;MALPB812EPM349950
9;HYUNDAI;VENUE;VENUE QX 1.6 MT PLUS;2;2022;KMHRC812APU191934
9;CHEVROLET;ONIX;ONIX HB 4X2 1.0 AT;2;2022;9BGEY48K0PG151656
9;HYUNDAI;TUCSON NX4;TUCSON NX4 MPI 2.0;6;2022;KMHJB81DAPU150268
9;CHEVROLET;SAIL;SAIL 1.5;6;2022;LSGHD52HXND131352
9;CHEVROLET;ONIX;ONIX HB 1.0;2;2022;9BGED48K0PG146940
9;CHEVROLET;ONIX;ONIX HB 1.0;2;2022;9BGED48K0PG144692
9;CHEVROLET;GROOVE;GROOVE 1.5;2;2022;LZWADAGA5PG003715
9;CHEVROLET;GROOVE;GROOVE 1.5;2;2022;LZWADAGA6PG003710
9;TOYOTA;YARIS;YARIS SEDAN OTTO 1.5;2;2022;MR2B29F36P1251451
9;TOYOTA;YARIS;YARIS SEDAN OTTO 1.5;2;2022;MR2B29F39N1250906
9;TOYOTA;YARIS;YARIS SEDAN OTTO 1.5;2;2022;MR2B29F32N1251248
9;HYUNDAI;COUNTY;COUNTY32 DLX EURO V;6;2022;KMJHG17HPNC500838
9;CHEVROLET;TRACKER;TRACKER 1.2T;2;2022;9BGEN76C0PB117472
9;CHEVROLET;ONIX;ONIX HB RS 1.0T;6;2022;9BGEB48K0NG199521
9;CHEVROLET;N400 MAX;N400 MAX 1.5;6;2022;LZWCDAGA7PC801973
9;CHEVROLET;SAIL;SAIL 1.5;6;2022;LSGHD52H7ND108840
9;FORD;NEW RANGER;RANGER 4X2 2.5;2;2022;8AFAR22P3PJ285435
9;HYUNDAI;COUNTY;COUNTY DLX;2;2022;KMJHG17HPMC080942
9;CHEVROLET;TRACKER;TRACKER 1.2T;2;2022;9BGEA76C0PB102673
9;CHEVROLET;NQR;NQR 916;2;2022;JAAN1R90MM7100132
9;FORD;EXPLORER;EXPLORER 4X2 2.3 AUT;2;2022;1FMSK7DH7NGA54708
9;FORD;MAVERICK;MAVERICK XLT 2.0 AUT;2;2022;3FTTW8E95NRA65077
9;TOYOTA;RAIZE;NEW RAIZE 1.2 E CVT;2;2022;MHKAB1BA7NJ016231
9;PEUGEOT;LANDTREK;LANDTREK 1.9;2;2022;VR3FDAHDEP3009296
9;FORD;NEW RANGER;RANGER DCAB XLT 4X4 3.2;2;2022;8AFAR23W6PJ297715
9;HYUNDAI;GRAND I-10 AI3 HB 1.2;GRAND I-10 AI3 HB 1.2 MT VALUE;9;2022;MALB251CAPM321122
9;TOYOTA;HILUX;HILUX DOBLE CABINA 2.4;2;2022;8AJJB3DD3P4237192
9;TOYOTA;HILUX;NEW HILUX 4X2 2.7L MT SR;2;2022;8AJJX3DD6P0756505
9;TOYOTA;HILUX;NEW HILUX 4X2 2.4L MT DX;2;2022;8AJCB3DDXP3911580
9;TOYOTA;HILUX;NEW HILUX 4X2 2.4L MT DX;2;2022;8AJCB3DD9P3911652
9;TOYOTA;HILUX;NEW HILUX 4X2 2.4L MT DX;2;2022;8AJCB3DD0P3911670
9;TOYOTA;HILUX;NEW HILUX 4X2 2.4L MT DX;2;2022;8AJCB3DD9P3911571
9;TOYOTA;HILUX;NEW HILUX 4X2 2.4L MT DX;2;2022;8AJCB3DD0P3911720
9;TOYOTA;RAV4;NEW RAV4 LE 2.0 4X2 CVT;2;2022;JTMZ43FV2ND131365
9;CHEVROLET;COLORADO;COLORADO DCAB 4X4 2.8 AT;2;2022;9BG148PK0PC408842
9;RENAULT;KWID;KWID 1.0;2;2022;93YRBB002PJ099471
9;FORD;EXPLORER;EXPLORER 4X4 2.3 AUT;2;2022;1FMSK8FH5NGA60395
9;FORD;MAVERICK;MAVERICK LARIAT 4X4 2.0 AUT;2;2022;3FTTW8F93NRA46784
9;CHEVROLET;ONIX;ONIX HB RS 1.OT;2;2022;9BGED48K0PG159390
9;FORD;NEW RANGER;RANGER DCAB 4X4 3.2 AUT;2;2022;8AFAR23W4PJ297938
9;FORD;NEW RANGER;RANGER DCAB 4X4 3.2 AUT;2;2022;8AFAR23W4PJ292755
9;FORD;TRANSIT VAN;TRANSIT 2.2;2;2022;WF0XXXTTGNTJ14605
